{"time":"2026-08-23T23:48:02.724757225+08:00","level":"INFO","msg":"Configuration loaded successfully"}
{"time":"2026-08-23T23:48:02.92540757+08:00","level":"INFO","msg":"DB initialized successfully"}
{"time":"2026-08-23T23:48:02.926729237+08:00","level":"INFO","msg":"starting ulas-service","addr":":8080","stage":"DEV"}
{"time":"2026-08-24T00:05:31.425544715+08:00","level":"INFO","msg":"Configuration loaded successfully"}
{"time":"2026-08-24T00:05:31.614953879+08:00","level":"INFO","msg":"DB initialized successfully"}
{"time":"2026-08-24T00:05:31.615682722+08:00","level":"INFO","msg":"starting ulas-service","addr":":8080","stage":"DEV"}
{"time":"2026-08-24T00:24:37.883385771+08:00","level":"INFO","msg":"Configuration loaded successfully"}
{"time":"2026-08-24T00:24:38.054380783+08:00","level":"INFO","msg":"DB initialized successfully"}
{"time":"2026-08-24T00:24:38.055103553+08:00","level":"INFO","msg":"starting ulas-service","addr":":8080","stage":"DEV"}
{"time":"2026-08-24T00:29:10.165953654+08:00","level":"INFO","msg":"Configuration loaded successfully"}
{"time":"2026-08-24T00:29:10.436052046+08:00","level":"DEBUG","msg":"loaded active baselines for comparison","host_id":"064c2b3d-2fdf-4e88-92db-1e8e3efd93ce","hostname":"host-00015.example.com","os_type":"linux","os_major_version":8,"file_type":"passwd","baseline_entries":3}
{"time":"2026-08-24T00:29:10.451851603+08:00","level":"DEBUG","msg":"loaded active baselines for comparison","host_id":"c3c13889-1582-4d13-9caf-451ed3a059b1","hostname":"host-00019.example.com","os_type":"linux","os_major_version":8,"file_type":"passwd","baseline_entries":3}
{"time":"2026-08-24T00:29:10.452095476+08:00","level":"DEBUG","msg":"loaded active baselines for comparison","host_id":"284316a9-371f-49c7-abd2-16f4181d74d5","hostname":"host-00016.example.com","os_type":"linux","os_major_version":8,"file_type":"passwd","baseline_entries":3}
{"time":"2026-08-24T00:29:10.455348003+08:00","level":"DEBUG","msg":"file comparison complete","host_id":"064c2b3d-2fdf-4e88-92db-1e8e3efd93ce","hostname":"host-00015.example.com","file_type":"passwd","expected_keys":3,"actual_keys":3,"deviations":2,"allowed_deviations":0}
{"time":"2026-08-24T00:29:10.459941573+08:00","level":"DEBUG","msg":"loaded active baselines for comparison","host_id":"064c2b3d-2fdf-4e88-92db-1e8e3efd93ce","hostname":"host-00015.example.com","os_type":"linux","os_major_version":8,"file_type":"group","baseline_entries":3}
{"time":"2026-08-24T00:29:10.464678695+08:00","level":"DEBUG","msg":"file comparison complete","host_id":"064c2b3d-2fdf-4e88-92db-1e8e3efd93ce","hostname":"host-00015.example.com","file_type":"group","expected_keys":3,"actual_keys":3,"deviations":0,"allowed_deviations":0}
{"time":"2026-08-24T00:29:10.47238675+08:00","level":"DEBUG","msg":"file comparison complete","host_id":"284316a9-371f-49c7-abd2-16f4181d74d5","hostname":"host-00016.example.com","file_type":"passwd","expected_keys":3,"actual_keys":3,"deviations":2,"allowed_deviations":0}
{"time":"2026-08-24T00:29:10.474363859+08:00","level":"DEBUG","msg":"loaded active baselines for comparison","host_id":"284316a9-371f-49c7-abd2-16f4181d74d5","hostname":"host-00016.example.com","os_type":"linux","os_major_version":8,"file_type":"group","baseline_entries":3}
{"time":"2026-08-24T00:29:10.474623721+08:00","level":"DEBUG","msg":"loaded active baselines for comparison","host_id":"e31d6de2-3400-4a98-ad8b-a01061feb214","hostname":"host-00007.example.com","os_type":"linux","os_major_version":8,"file_type":"passwd","baseline_entries":3}
{"time":"2026-08-24T00:29:10.475161741+08:00","level":"DEBUG","msg":"file comparison complete","host_id":"284316a9-371f-49c7-abd2-16f4181d74d5","hostname":"host-00016.example.com","file_type":"group","expected_keys":3,"actual_keys":3,"deviations":0,"allowed_deviations":0}
{"time":"2026-08-24T00:29:10.481274271+08:00","level":"DEBUG","msg":"file comparison complete","host_id":"c3c13889-1582-4d13-9caf-451ed3a059b1","hostname":"host-00019.example.com","file_type":"passwd","expected_keys":3,"actual_keys":3,"deviations":2,"allowed_deviations":0}
{"time":"2026-08-24T00:29:10.482626054+08:00","level":"DEBUG","msg":"loaded active baselines for comparison","host_id":"caf1cffb-b9d8-49ab-9aa7-9793d94d2bb2","hostname":"host-00006.example.com","os_type":"linux","os_major_version":8,"file_type":"passwd","baseline_entries":3}
{"time":"2026-08-24T00:29:10.483055258+08:00","level":"DEBUG","msg":"loaded active baselines for comparison","host_id":"c3c13889-1582-4d13-9caf-451ed3a059b1","hostname":"host-00019.example.com","os_type":"linux","os_major_version":8,"file_type":"group","baseline_entries":3}
{"time":"2026-08-24T00:29:10.486034818+08:00","level":"DEBUG","msg":"file comparison complete","host_id":"c3c13889-1582-4d13-9caf-451ed3a059b1","hostname":"host-00019.example.com","file_type":"group","expected_keys":3,"actual_keys":3,"deviations":0,"allowed_deviations":0}
{"time":"2026-08-24T00:29:10.486507524+08:00","level":"DEBUG","msg":"loaded active baselines for comparison","host_id":"b0b1ac53-2a79-4c3f-b082-fc59b49f9d01","hostname":"host-00008.example.com","os_type":"linux","os_major_version":8,"file_type":"passwd","baseline_entries":3}
{"time":"2026-08-24T00:29:10.490034171+08:00","level":"DEBUG","msg":"loaded active baselines for comparison","host_id":"80942efb-786d-406d-83d4-1357f4b7aa9c","hostname":"host-00002.example.com","os_type":"linux","os_major_version":8,"file_type":"passwd","baseline_entries":3}
{"time":"2026-08-24T00:29:10.500396469+08:00","level":"DEBUG","msg":"loaded active baselines for comparison","host_id":"d033f7e9-521a-4ed7-aa54-daa7cf8a9a27","hostname":"host-00018.example.com","os_type":"linux","os_major_version":8,"file_type":"passwd","baseline_entries":3}
{"time":"2026-08-24T00:29:10.502196472+08:00","level":"DEBUG","msg":"file comparison complete","host_id":"e31d6de2-3400-4a98-ad8b-a01061feb214","hostname":"host-00007.example.com","file_type":"passwd","expected_keys":3,"actual_keys":3,"deviations":2,"allowed_deviations":0}
{"time":"2026-08-24T00:29:10.506387468+08:00","level":"DEBUG","msg":"file comparison complete","host_id":"caf1cffb-b9d8-49ab-9aa7-9793d94d2bb2","hostname":"host-00006.example.com","file_type":"passwd","expected_keys":3,"actual_keys":3,"deviations":2,"allowed_deviations":0}
{"time":"2026-08-24T00:29:10.507291062+08:00","level":"DEBUG","msg":"loaded active baselines for comparison","host_id":"e31d6de2-3400-4a98-ad8b-a01061feb214","hostname":"host-00007.example.com","os_type":"linux","os_major_version":8,"file_type":"group","baseline_entries":3}
{"time":"2026-08-24T00:29:10.508372402+08:00","level":"DEBUG","msg":"loaded active baselines for comparison","host_id":"caf1cffb-b9d8-49ab-9aa7-9793d94d2bb2","hostname":"host-00006.example.com","os_type":"linux","os_major_version":8,"file_type":"group","baseline_entries":3}
{"time":"2026-08-24T00:29:10.509512904+08:00","level":"DEBUG","msg":"file comparison complete","host_id":"caf1cffb-b9d8-49ab-9aa7-9793d94d2bb2","hostname":"host-00006.example.com","file_type":"group","expected_keys":3,"actual_keys":3,"deviations":0,"allowed_deviations":0}
{"time":"2026-08-24T00:29:10.509762728+08:00","level":"DEBUG","msg":"file comparison complete","host_id":"e31d6de2-3400-4a98-ad8b-a01061feb214","hostname":"host-00007.example.com","file_type":"group","expected_keys":3,"actual_keys":3,"deviations":0,"allowed_deviations":0}
{"time":"2026-08-24T00:29:10.514802714+08:00","level":"DEBUG","msg":"file comparison complete","host_id":"b0b1ac53-2a79-4c3f-b082-fc59b49f9d01","hostname":"host-00008.example.com","file_type":"passwd","expected_keys":3,"actual_keys":3,"deviations":2,"allowed_deviations":0}
{"time":"2026-08-24T00:29:10.51516434+08:00","level":"DEBUG","msg":"loaded active baselines for comparison","host_id":"e92bc300-6f4b-4e88-97dd-ef38e717a5bb","hostname":"host-00012.example.com","os_type":"linux","os_major_version":8,"file_type":"passwd","baseline_entries":3}
{"time":"2026-08-24T00:29:10.524321212+08:00","level":"DEBUG","msg":"loaded active baselines for comparison","host_id":"b0b1ac53-2a79-4c3f-b082-fc59b49f9d01","hostname":"host-00008.example.com","os_type":"linux","os_major_version":8,"file_type":"group","baseline_entries":3}
{"time":"2026-08-24T00:29:10.528793145+08:00","level":"DEBUG","msg":"file comparison complete","host_id":"80942efb-786d-406d-83d4-1357f4b7aa9c","hostname":"host-00002.example.com","file_type":"passwd","expected_keys":3,"actual_keys":3,"deviations":2,"allowed_deviations":0}
{"time":"2026-08-24T00:29:10.529637967+08:00","level":"DEBUG","msg":"file comparison complete","host_id":"b0b1ac53-2a79-4c3f-b082-fc59b49f9d01","hostname":"host-00008.example.com","file_type":"group","expected_keys":3,"actual_keys":3,"deviations":0,"allowed_deviations":0}
{"time":"2026-08-24T00:29:10.532115306+08:00","level":"DEBUG","msg":"file comparison complete","host_id":"d033f7e9-521a-4ed7-aa54-daa7cf8a9a27","hostname":"host-00018.example.com","file_type":"passwd","expected_keys":3,"actual_keys":3,"deviations":2,"allowed_deviations":0}
{"time":"2026-08-24T00:29:10.532393213+08:00","level":"DEBUG","msg":"loaded active baselines for comparison","host_id":"80942efb-786d-406d-83d4-1357f4b7aa9c","hostname":"host-00002.example.com","os_type":"linux","os_major_version":8,"file_type":"group","baseline_entries":3}
{"time":"2026-08-24T00:29:10.532423431+08:00","level":"DEBUG","msg":"loaded active baselines for comparison","host_id":"a5283641-0256-43c1-af95-88ecc2272b59","hostname":"host-00011.example.com","os_type":"linux","os_major_version":8,"file_type":"passwd","baseline_entries":3}
{"time":"2026-08-24T00:29:10.532695106+08:00","level":"DEBUG","msg":"loaded active baselines for comparison","host_id":"d033f7e9-521a-4ed7-aa54-daa7cf8a9a27","hostname":"host-00018.example.com","os_type":"linux","os_major_version":8,"file_type":"group","baseline_entries":3}
{"time":"2026-08-24T00:29:10.53310297+08:00","level":"DEBUG","msg":"file comparison complete","host_id":"d033f7e9-521a-4ed7-aa54-daa7cf8a9a27","hostname":"host-00018.example.com","file_type":"group","expected_keys":3,"actual_keys":3,"deviations":0,"allowed_deviations":0}
{"time":"2026-08-24T00:29:10.533340971+08:00","level":"DEBUG","msg":"loaded active baselines for comparison","host_id":"a96a240e-6781-46fc-9306-b7a80552b957","hostname":"host-00010.example.com","os_type":"linux","os_major_version":8,"file_type":"passwd","baseline_entries":3}
{"time":"2026-08-24T00:29:10.533874203+08:00","level":"DEBUG","msg":"loaded active baselines for comparison","host_id":"ff4eff0b-f821-4a41-9cd9-39f3adc0fd47","hostname":"host-00001.example.com","os_type":"linux","os_major_version":8,"file_type":"passwd","baseline_entries":3}
{"time":"2026-08-24T00:29:10.540479382+08:00","level":"DEBUG","msg":"file comparison complete","host_id":"e92bc300-6f4b-4e88-97dd-ef38e717a5bb","hostname":"host-00012.example.com","file_type":"passwd","expected_keys":3,"actual_keys":3,"deviations":2,"allowed_deviations":0}
{"time":"2026-08-24T00:29:10.541057779+08:00","level":"DEBUG","msg":"loaded active baselines for comparison","host_id":"e92bc300-6f4b-4e88-97dd-ef38e717a5bb","hostname":"host-00012.example.com","os_type":"linux","os_major_version":8,"file_type":"group","baseline_entries":3}
{"time":"2026-08-24T00:29:10.541156286+08:00","level":"DEBUG","msg":"file comparison complete","host_id":"80942efb-786d-406d-83d4-1357f4b7aa9c","hostname":"host-00002.example.com","file_type":"group","expected_keys":3,"actual_keys":3,"deviations":0,"allowed_deviations":0}
{"time":"2026-08-24T00:29:10.545012531+08:00","level":"DEBUG","msg":"file comparison complete","host_id":"e92bc300-6f4b-4e88-97dd-ef38e717a5bb","hostname":"host-00012.example.com","file_type":"group","expected_keys":3,"actual_keys":3,"deviations":0,"allowed_deviations":0}
{"time":"2026-08-24T00:29:10.557739252+08:00","level":"DEBUG","msg":"file comparison complete","host_id":"ff4eff0b-f821-4a41-9cd9-39f3adc0fd47","hostname":"host-00001.example.com","file_type":"passwd","expected_keys":3,"actual_keys":3,"deviations":2,"allowed_deviations":0}
{"time":"2026-08-24T00:29:10.557732018+08:00","level":"DEBUG","msg":"file comparison complete","host_id":"a5283641-0256-43c1-af95-88ecc2272b59","hostname":"host-00011.example.com","file_type":"passwd","expected_keys":3,"actual_keys":3,"deviations":2,"allowed_deviations":0}
{"time":"2026-08-24T00:29:10.558814802+08:00","level":"DEBUG","msg":"loaded active baselines for comparison","host_id":"ae6d7d63-6e5d-4d05-a1b7-7504b59930c3","hostname":"host-00009.example.com","os_type":"linux","os_major_version":8,"file_type":"passwd","baseline_entries":3}
{"time":"2026-08-24T00:29:10.559658994+08:00","level":"DEBUG","msg":"loaded active baselines for comparison","host_id":"f8eac240-ba8d-4ca9-9acf-5df1c2efad98","hostname":"host-00004.example.com","os_type":"linux","os_major_version":8,"file_type":"passwd","baseline_entries":3}
{"time":"2026-08-24T00:29:10.559901423+08:00","level":"DEBUG","msg":"loaded active baselines for comparison","host_id":"ff4eff0b-f821-4a41-9cd9-39f3adc0fd47","hostname":"host-00001.example.com","os_type":"linux","os_major_version":8,"file_type":"group","baseline_entries":3}
{"time":"2026-08-24T00:29:10.560662697+08:00","level":"DEBUG","msg":"loaded active baselines for comparison","host_id":"77351673-9a7c-4e64-a0f7-ddf3db87bae4","hostname":"host-00000.example.com","os_type":"linux","os_major_version":8,"file_type":"passwd","baseline_entries":3}
{"time":"2026-08-24T00:29:10.562220783+08:00","level":"DEBUG","msg":"loaded active baselines for comparison","host_id":"a5283641-0256-43c1-af95-88ecc2272b59","hostname":"host-00011.example.com","os_type":"linux","os_major_version":8,"file_type":"group","baseline_entries":3}
{"time":"2026-08-24T00:29:10.566261468+08:00","level":"DEBUG","msg":"file comparison complete","host_id":"a96a240e-6781-46fc-9306-b7a80552b957","hostname":"host-00010.example.com","file_type":"passwd","expected_keys":3,"actual_keys":3,"deviations":2,"allowed_deviations":0}
{"time":"2026-08-24T00:29:10.566624536+08:00","level":"DEBUG","msg":"file comparison complete","host_id":"a5283641-0256-43c1-af95-88ecc2272b59","hostname":"host-00011.example.com","file_type":"group","expected_keys":3,"actual_keys":3,"deviations":0,"allowed_deviations":0}
{"time":"2026-08-24T00:29:10.56742232+08:00","level":"DEBUG","msg":"loaded active baselines for comparison","host_id":"a96a240e-6781-46fc-9306-b7a80552b957","hostname":"host-00010.example.com","os_type":"linux","os_major_version":8,"file_type":"group","baseline_entries":3}
{"time":"2026-08-24T00:29:10.570968276+08:00","level":"DEBUG","msg":"file comparison complete","host_id":"a96a240e-6781-46fc-9306-b7a80552b957","hostname":"host-00010.example.com","file_type":"group","expected_keys":3,"actual_keys":3,"deviations":0,"allowed_deviations":0}
{"time":"2026-08-24T00:29:10.571140733+08:00","level":"DEBUG","msg":"file comparison complete","host_id":"ff4eff0b-f821-4a41-9cd9-39f3adc0fd47","hostname":"host-00001.example.com","file_type":"group","expected_keys":3,"actual_keys":3,"deviations":0,"allowed_deviations":0}
{"time":"2026-08-24T00:29:10.576628673+08:00","level":"DEBUG","msg":"loaded active baselines for comparison","host_id":"009bd272-65df-4da7-92a9-f6e5b2155844","hostname":"host-00023.example.com","os_type":"linux","os_major_version":8,"file_type":"passwd","baseline_entries":3}
{"time":"2026-08-24T00:29:10.587484606+08:00","level":"DEBUG","msg":"file comparison complete","host_id":"ae6d7d63-6e5d-4d05-a1b7-7504b59930c3","hostname":"host-00009.example.com","file_type":"passwd","expected_keys":3,"actual_keys":3,"deviations":2,"allowed_deviations":0}
{"time":"2026-08-24T00:29:10.588789852+08:00","level":"DEBUG","msg":"loaded active baselines for comparison","host_id":"6b5c9255-1d69-43ad-98f7-dcee0b1f7c19","hostname":"host-00005.example.com","os_type":"linux","os_major_version":8,"file_type":"passwd","baseline_entries":3}
{"time":"2026-08-24T00:29:10.591990944+08:00","level":"DEBUG","msg":"file comparison complete","host_id":"77351673-9a7c-4e64-a0f7-ddf3db87bae4","hostname":"host-00000.example.com","file_type":"passwd","expected_keys":3,"actual_keys":3,"deviations":2,"allowed_deviations":0}
{"time":"2026-08-24T00:29:10.592022103+08:00","level":"DEBUG","msg":"file comparison complete","host_id":"f8eac240-ba8d-4ca9-9acf-5df1c2efad98","hostname":"host-00004.example.com","file_type":"passwd","expected_keys":3,"actual_keys":3,"deviations":2,"allowed_deviations":0}
{"time":"2026-08-24T00:29:10.592444965+08:00","level":"DEBUG","msg":"loaded active baselines for comparison","host_id":"ae6d7d63-6e5d-4d05-a1b7-7504b59930c3","hostname":"host-00009.example.com","os_type":"linux","os_major_version":8,"file_type":"group","baseline_entries":3}
{"time":"2026-08-24T00:29:10.592868138+08:00","level":"DEBUG","msg":"loaded active baselines for comparison","host_id":"f8eac240-ba8d-4ca9-9acf-5df1c2efad98","hostname":"host-00004.example.com","os_type":"linux","os_major_version":8,"file_type":"group","baseline_entries":3}
{"time":"2026-08-24T00:29:10.593196811+08:00","level":"DEBUG","msg":"file comparison complete","host_id":"ae6d7d63-6e5d-4d05-a1b7-7504b59930c3","hostname":"host-00009.example.com","file_type":"group","expected_keys":3,"actual_keys":3,"deviations":0,"allowed_deviations":0}
{"time":"2026-08-24T00:29:10.596777834+08:00","level":"DEBUG","msg":"loaded active baselines for comparison","host_id":"77351673-9a7c-4e64-a0f7-ddf3db87bae4","hostname":"host-00000.example.com","os_type":"linux","os_major_version":8,"file_type":"group","baseline_entries":3}
{"time":"2026-08-24T00:29:10.598733213+08:00","level":"DEBUG","msg":"loaded active baselines for comparison","host_id":"ac75f18b-06d8-4323-80f1-7b7addd3af50","hostname":"host-00014.example.com","os_type":"linux","os_major_version":8,"file_type":"passwd","baseline_entries":3}
{"time":"2026-08-24T00:29:10.599305448+08:00","level":"DEBUG","msg":"loaded active baselines for comparison","host_id":"16ae11b1-2568-4251-9fe5-2a5a8a3cf121","hostname":"host-00025.example.com","os_type":"linux","os_major_version":8,"file_type":"passwd","baseline_entries":3}
{"time":"2026-08-24T00:29:10.601637652+08:00","level":"DEBUG","msg":"file comparison complete","host_id":"77351673-9a7c-4e64-a0f7-ddf3db87bae4","hostname":"host-00000.example.com","file_type":"group","expected_keys":3,"actual_keys":3,"deviations":0,"allowed_deviations":0}
{"time":"2026-08-24T00:29:10.602046859+08:00","level":"DEBUG","msg":"loaded active baselines for comparison","host_id":"8563962a-8740-446b-8fe3-b059db144403","hostname":"host-00022.example.com","os_type":"linux","os_major_version":8,"file_type":"passwd","baseline_entries":3}
{"time":"2026-08-24T00:29:10.602554311+08:00","level":"DEBUG","msg":"file comparison complete","host_id":"f8eac240-ba8d-4ca9-9acf-5df1c2efad98","hostname":"host-00004.example.com","file_type":"group","expected_keys":3,"actual_keys":3,"deviations":0,"allowed_deviations":0}
{"time":"2026-08-24T00:29:10.609536896+08:00","level":"DEBUG","msg":"file comparison complete","host_id":"6b5c9255-1d69-43ad-98f7-dcee0b1f7c19","hostname":"host-00005.example.com","file_type":"passwd","expected_keys":3,"actual_keys":3,"deviations":2,"allowed_deviations":0}
{"time":"2026-08-24T00:29:10.609537067+08:00","level":"DEBUG","msg":"file comparison complete","host_id":"009bd272-65df-4da7-92a9-f6e5b2155844","hostname":"host-00023.example.com","file_type":"passwd","expected_keys":3,"actual_keys":3,"deviations":2,"allowed_deviations":0}
{"time":"2026-08-24T00:29:10.610213941+08:00","level":"DEBUG","msg":"loaded active baselines for comparison","host_id":"009bd272-65df-4da7-92a9-f6e5b2155844","hostname":"host-00023.example.com","os_type":"linux","os_major_version":8,"file_type":"group","baseline_entries":3}
{"time":"2026-08-24T00:29:10.610516164+08:00","level":"DEBUG","msg":"file comparison complete","host_id":"009bd272-65df-4da7-92a9-f6e5b2155844","hostname":"host-00023.example.com","file_type":"group","expected_keys":3,"actual_keys":3,"deviations":0,"allowed_deviations":0}
{"time":"2026-08-24T00:29:10.617952149+08:00","level":"DEBUG","msg":"file comparison complete","host_id":"16ae11b1-2568-4251-9fe5-2a5a8a3cf121","hostname":"host-00025.example.com","file_type":"passwd","expected_keys":3,"actual_keys":3,"deviations":2,"allowed_deviations":0}
{"time":"2026-08-24T00:29:10.618410078+08:00","level":"DEBUG","msg":"loaded active baselines for comparison","host_id":"6b5c9255-1d69-43ad-98f7-dcee0b1f7c19","hostname":"host-00005.example.com","os_type":"linux","os_major_version":8,"file_type":"group","baseline_entries":3}
{"time":"2026-08-24T00:29:10.61880152+08:00","level":"DEBUG","msg":"loaded active baselines for comparison","host_id":"16ae11b1-2568-4251-9fe5-2a5a8a3cf121","hostname":"host-00025.example.com","os_type":"linux","os_major_version":8,"file_type":"group","baseline_entries":3}
{"time":"2026-08-24T00:29:10.619311508+08:00","level":"DEBUG","msg":"file comparison complete","host_id":"16ae11b1-2568-4251-9fe5-2a5a8a3cf121","hostname":"host-00025.example.com","file_type":"group","expected_keys":3,"actual_keys":3,"deviations":0,"allowed_deviations":0}
{"time":"2026-08-24T00:29:10.619385578+08:00","level":"DEBUG","msg":"file comparison complete","host_id":"6b5c9255-1d69-43ad-98f7-dcee0b1f7c19","hostname":"host-00005.example.com","file_type":"group","expected_keys":3,"actual_keys":3,"deviations":0,"allowed_deviations":0}
{"time":"2026-08-24T00:29:10.628009928+08:00","level":"DEBUG","msg":"file comparison complete","host_id":"ac75f18b-06d8-4323-80f1-7b7addd3af50","hostname":"host-00014.example.com","file_type":"passwd","expected_keys":3,"actual_keys":3,"deviations":2,"allowed_deviations":0}
{"time":"2026-08-24T00:29:10.630271327+08:00","level":"DEBUG","msg":"loaded active baselines for comparison","host_id":"35ebc066-324d-4df6-bcf8-5fcb2916b4ec","hostname":"host-00020.example.com","os_type":"linux","os_major_version":8,"file_type":"passwd","baseline_entries":3}
{"time":"2026-08-24T00:29:10.637369652+08:00","level":"DEBUG","msg":"file comparison complete","host_id":"8563962a-8740-446b-8fe3-b059db144403","hostname":"host-00022.example.com","file_type":"passwd","expected_keys":3,"actual_keys":3,"deviations":2,"allowed_deviations":0}
{"time":"2026-08-24T00:29:10.638611508+08:00","level":"DEBUG","msg":"loaded active baselines for comparison","host_id":"8563962a-8740-446b-8fe3-b059db144403","hostname":"host-00022.example.com","os_type":"linux","os_major_version":8,"file_type":"group","baseline_entries":3}
{"time":"2026-08-24T00:29:10.638961762+08:00","level":"DEBUG","msg":"loaded active baselines for comparison","host_id":"7bc303dc-8077-4995-89c8-7200eff999ce","hostname":"host-00026.example.com","os_type":"linux","os_major_version":8,"file_type":"passwd","baseline_entries":3}
{"time":"2026-08-24T00:29:10.6395461+08:00","level":"DEBUG","msg":"loaded active baselines for comparison","host_id":"ac75f18b-06d8-4323-80f1-7b7addd3af50","hostname":"host-00014.example.com","os_type":"linux","os_major_version":8,"file_type":"group","baseline_entries":3}
{"time":"2026-08-24T00:29:10.641971762+08:00","level":"DEBUG","msg":"file comparison complete","host_id":"8563962a-8740-446b-8fe3-b059db144403","hostname":"host-00022.example.com","file_type":"group","expected_keys":3,"actual_keys":3,"deviations":0,"allowed_deviations":0}
{"time":"2026-08-24T00:29:10.642489704+08:00","level":"DEBUG","msg":"file comparison complete","host_id":"ac75f18b-06d8-4323-80f1-7b7addd3af50","hostname":"host-00014.example.com","file_type":"group","expected_keys":3,"actual_keys":3,"deviations":0,"allowed_deviations":0}
{"time":"2026-08-24T00:29:10.647730104+08:00","level":"DEBUG","msg":"loaded active baselines for comparison","host_id":"68c2e881-09c7-451e-a2f9-a1f1d6222222","hostname":"host-00003.example.com","os_type":"linux","os_major_version":8,"file_type":"passwd","baseline_entries":3}
{"time":"2026-08-24T00:29:10.648187622+08:00","level":"DEBUG","msg":"loaded active baselines for comparison","host_id":"dc0bfc27-a889-42dc-90e6-0eede528f1f3","hostname":"host-00029.example.com","os_type":"linux","os_major_version":8,"file_type":"passwd","baseline_entries":3}
{"time":"2026-08-24T00:29:10.663462557+08:00","level":"DEBUG","msg":"file comparison complete","host_id":"35ebc066-324d-4df6-bcf8-5fcb2916b4ec","hostname":"host-00020.example.com","file_type":"passwd","expected_keys":3,"actual_keys":3,"deviations":2,"allowed_deviations":0}
{"time":"2026-08-24T00:29:10.663948649+08:00","level":"DEBUG","msg":"loaded active baselines for comparison","host_id":"0d121741-5845-4db8-bf42-d09fa0d20f80","hostname":"host-00021.example.com","os_type":"linux","os_major_version":8,"file_type":"passwd","baseline_entries":3}
{"time":"2026-08-24T00:29:10.663963978+08:00","level":"DEBUG","msg":"loaded active baselines for comparison","host_id":"c0ad1533-45cb-4076-b2c7-2f0ecff06a07","hostname":"host-00013.example.com","os_type":"linux","os_major_version":8,"file_type":"passwd","baseline_entries":3}
{"time":"2026-08-24T00:29:10.664099435+08:00","level":"DEBUG","msg":"file comparison complete","host_id":"7bc303dc-8077-4995-89c8-7200eff999ce","hostname":"host-00026.example.com","file_type":"passwd","expected_keys":3,"actual_keys":3,"deviations":2,"allowed_deviations":0}
{"time":"2026-08-24T00:29:10.667991067+08:00","level":"DEBUG","msg":"file comparison complete","host_id":"dc0bfc27-a889-42dc-90e6-0eede528f1f3","hostname":"host-00029.example.com","file_type":"passwd","expected_keys":3,"actual_keys":3,"deviations":2,"allowed_deviations":0}
{"time":"2026-08-24T00:29:10.672843562+08:00","level":"DEBUG","msg":"loaded active baselines for comparison","host_id":"d125c556-5437-4bf7-9dc1-96a35e911bd8","hostname":"host-00032.example.com","os_type":"linux","os_major_version":8,"file_type":"passwd","baseline_entries":3}
{"time":"2026-08-24T00:29:10.672887956+08:00","level":"DEBUG","msg":"loaded active baselines for comparison","host_id":"7bc303dc-8077-4995-89c8-7200eff999ce","hostname":"host-00026.example.com","os_type":"linux","os_major_version":8,"file_type":"group","baseline_entries":3}
{"time":"2026-08-24T00:29:10.673365071+08:00","level":"DEBUG","msg":"loaded active baselines for comparison","host_id":"dc0bfc27-a889-42dc-90e6-0eede528f1f3","hostname":"host-00029.example.com","os_type":"linux","os_major_version":8,"file_type":"group","baseline_entries":3}
{"time":"2026-08-24T00:29:10.673519524+08:00","level":"DEBUG","msg":"file comparison complete","host_id":"7bc303dc-8077-4995-89c8-7200eff999ce","hostname":"host-00026.example.com","file_type":"group","expected_keys":3,"actual_keys":3,"deviations":0,"allowed_deviations":0}
{"time":"2026-08-24T00:29:10.67385994+08:00","level":"DEBUG","msg":"file comparison complete","host_id":"dc0bfc27-a889-42dc-90e6-0eede528f1f3","hostname":"host-00029.example.com","file_type":"group","expected_keys":3,"actual_keys":3,"deviations":0,"allowed_deviations":0}
{"time":"2026-08-24T00:29:10.674087802+08:00","level":"DEBUG","msg":"loaded active baselines for comparison","host_id":"9b861004-a2b6-4e71-b60b-3b234464853f","hostname":"host-00028.example.com","os_type":"linux","os_major_version":8,"file_type":"passwd","baseline_entries":3}
{"time":"2026-08-24T00:29:10.681529829+08:00","level":"DEBUG","msg":"file comparison complete","host_id":"68c2e881-09c7-451e-a2f9-a1f1d6222222","hostname":"host-00003.example.com","file_type":"passwd","expected_keys":3,"actual_keys":3,"deviations":2,"allowed_deviations":0}
{"time":"2026-08-24T00:29:10.683290188+08:00","level":"DEBUG","msg":"loaded active baselines for comparison","host_id":"35ebc066-324d-4df6-bcf8-5fcb2916b4ec","hostname":"host-00020.example.com","os_type":"linux","os_major_version":8,"file_type":"group","baseline_entries":3}
{"time":"2026-08-24T00:29:10.687106467+08:00","level":"DEBUG","msg":"file comparison complete","host_id":"35ebc066-324d-4df6-bcf8-5fcb2916b4ec","hostname":"host-00020.example.com","file_type":"group","expected_keys":3,"actual_keys":3,"deviations":0,"allowed_deviations":0}
{"time":"2026-08-24T00:29:10.690347785+08:00","level":"DEBUG","msg":"file comparison complete","host_id":"0d121741-5845-4db8-bf42-d09fa0d20f80","hostname":"host-00021.example.com","file_type":"passwd","expected_keys":3,"actual_keys":3,"deviations":2,"allowed_deviations":0}
{"time":"2026-08-24T00:29:10.691066579+08:00","level":"DEBUG","msg":"loaded active baselines for comparison","host_id":"0d121741-5845-4db8-bf42-d09fa0d20f80","hostname":"host-00021.example.com","os_type":"linux","os_major_version":8,"file_type":"group","baseline_entries":3}
{"time":"2026-08-24T00:29:10.694805992+08:00","level":"DEBUG","msg":"file comparison complete","host_id":"0d121741-5845-4db8-bf42-d09fa0d20f80","hostname":"host-00021.example.com","file_type":"group","expected_keys":3,"actual_keys":3,"deviations":0,"allowed_deviations":0}
{"time":"2026-08-24T00:29:10.699511508+08:00","level":"DEBUG","msg":"loaded active baselines for comparison","host_id":"68c2e881-09c7-451e-a2f9-a1f1d6222222","hostname":"host-00003.example.com","os_type":"linux","os_major_version":8,"file_type":"group","baseline_entries":3}
{"time":"2026-08-24T00:29:10.700425762+08:00","level":"DEBUG","msg":"loaded active baselines for comparison","host_id":"32f39f18-9751-4dd6-8f20-e33d1839014d","hostname":"host-00036.example.com","os_type":"linux","os_major_version":8,"file_type":"passwd","baseline_entries":3}
{"time":"2026-08-24T00:29:10.701215891+08:00","level":"DEBUG","msg":"loaded active baselines for comparison","host_id":"ada1aeee-de42-4ee6-b9bf-86a33067dce1","hostname":"host-00039.example.com","os_type":"linux","os_major_version":8,"file_type":"passwd","baseline_entries":3}
{"time":"2026-08-24T00:29:10.701538503+08:00","level":"DEBUG","msg":"file comparison complete","host_id":"68c2e881-09c7-451e-a2f9-a1f1d6222222","hostname":"host-00003.example.com","file_type":"group","expected_keys":3,"actual_keys":3,"deviations":0,"allowed_deviations":0}
{"time":"2026-08-24T00:29:10.703289875+08:00","level":"DEBUG","msg":"file comparison complete","host_id":"c0ad1533-45cb-4076-b2c7-2f0ecff06a07","hostname":"host-00013.example.com","file_type":"passwd","expected_keys":3,"actual_keys":3,"deviations":2,"allowed_deviations":0}
{"time":"2026-08-24T00:29:10.707601003+08:00","level":"DEBUG","msg":"file comparison complete","host_id":"9b861004-a2b6-4e71-b60b-3b234464853f","hostname":"host-00028.example.com","file_type":"passwd","expected_keys":3,"actual_keys":3,"deviations":2,"allowed_deviations":0}
{"time":"2026-08-24T00:29:10.708831998+08:00","level":"DEBUG","msg":"loaded active baselines for comparison","host_id":"c0ad1533-45cb-4076-b2c7-2f0ecff06a07","hostname":"host-00013.example.com","os_type":"linux","os_major_version":8,"file_type":"group","baseline_entries":3}
{"time":"2026-08-24T00:29:10.71607143+08:00","level":"DEBUG","msg":"file comparison complete","host_id":"32f39f18-9751-4dd6-8f20-e33d1839014d","hostname":"host-00036.example.com","file_type":"passwd","expected_keys":3,"actual_keys":3,"deviations":2,"allowed_deviations":0}
{"time":"2026-08-24T00:29:10.716257213+08:00","level":"DEBUG","msg":"file comparison complete","host_id":"d125c556-5437-4bf7-9dc1-96a35e911bd8","hostname":"host-00032.example.com","file_type":"passwd","expected_keys":3,"actual_keys":3,"deviations":2,"allowed_deviations":0}
{"time":"2026-08-24T00:29:10.716388782+08:00","level":"DEBUG","msg":"file comparison complete","host_id":"c0ad1533-45cb-4076-b2c7-2f0ecff06a07","hostname":"host-00013.example.com","file_type":"group","expected_keys":3,"actual_keys":3,"deviations":0,"allowed_deviations":0}
{"time":"2026-08-24T00:29:10.716443406+08:00","level":"DEBUG","msg":"loaded active baselines for comparison","host_id":"9b861004-a2b6-4e71-b60b-3b234464853f","hostname":"host-00028.example.com","os_type":"linux","os_major_version":8,"file_type":"group","baseline_entries":3}
{"time":"2026-08-24T00:29:10.716686707+08:00","level":"DEBUG","msg":"loaded active baselines for comparison","host_id":"d125c556-5437-4bf7-9dc1-96a35e911bd8","hostname":"host-00032.example.com","os_type":"linux","os_major_version":8,"file_type":"group","baseline_entries":3}
{"time":"2026-08-24T00:29:10.71688324+08:00","level":"DEBUG","msg":"loaded active baselines for comparison","host_id":"32f39f18-9751-4dd6-8f20-e33d1839014d","hostname":"host-00036.example.com","os_type":"linux","os_major_version":8,"file_type":"group","baseline_entries":3}
{"time":"2026-08-24T00:29:10.716972479+08:00","level":"DEBUG","msg":"file comparison complete","host_id":"9b861004-a2b6-4e71-b60b-3b234464853f","hostname":"host-00028.example.com","file_type":"group","expected_keys":3,"actual_keys":3,"deviations":0,"allowed_deviations":0}
{"time":"2026-08-24T00:29:10.717369052+08:00","level":"DEBUG","msg":"file comparison complete","host_id":"32f39f18-9751-4dd6-8f20-e33d1839014d","hostname":"host-00036.example.com","file_type":"group","expected_keys":3,"actual_keys":3,"deviations":0,"allowed_deviations":0}
{"time":"2026-08-24T00:29:10.717599699+08:00","level":"DEBUG","msg":"loaded active baselines for comparison","host_id":"573aae7a-bbdf-4d22-afed-7312621d813d","hostname":"host-00037.example.com","os_type":"linux","os_major_version":8,"file_type":"passwd","baseline_entries":3}
{"time":"2026-08-24T00:29:10.718483235+08:00","level":"DEBUG","msg":"loaded active baselines for comparison","host_id":"23b96ed1-64c3-446d-8cb6-183e60d97cc9","hostname":"host-00043.example.com","os_type":"linux","os_major_version":8,"file_type":"passwd","baseline_entries":3}
{"time":"2026-08-24T00:29:10.720436831+08:00","level":"DEBUG","msg":"file comparison complete","host_id":"d125c556-5437-4bf7-9dc1-96a35e911bd8","hostname":"host-00032.example.com","file_type":"group","expected_keys":3,"actual_keys":3,"deviations":0,"allowed_deviations":0}
{"time":"2026-08-24T00:29:10.724645464+08:00","level":"DEBUG","msg":"file comparison complete","host_id":"ada1aeee-de42-4ee6-b9bf-86a33067dce1","hostname":"host-00039.example.com","file_type":"passwd","expected_keys":3,"actual_keys":3,"deviations":2,"allowed_deviations":0}
{"time":"2026-08-24T00:29:10.725232708+08:00","level":"DEBUG","msg":"loaded active baselines for comparison","host_id":"3165173e-1e15-4939-8851-158bd2b9b78c","hostname":"host-00038.example.com","os_type":"linux","os_major_version":8,"file_type":"passwd","baseline_entries":3}
{"time":"2026-08-24T00:29:10.733587717+08:00","level":"DEBUG","msg":"loaded active baselines for comparison","host_id":"ada1aeee-de42-4ee6-b9bf-86a33067dce1","hostname":"host-00039.example.com","os_type":"linux","os_major_version":8,"file_type":"group","baseline_entries":3}
{"time":"2026-08-24T00:29:10.734236878+08:00","level":"DEBUG","msg":"loaded active baselines for comparison","host_id":"bad7221a-e7dd-4317-84ca-25ed6ae20fbc","hostname":"host-00044.example.com","os_type":"linux","os_major_version":8,"file_type":"passwd","baseline_entries":3}
{"time":"2026-08-24T00:29:10.742073924+08:00","level":"DEBUG","msg":"file comparison complete","host_id":"23b96ed1-64c3-446d-8cb6-183e60d97cc9","hostname":"host-00043.example.com","file_type":"passwd","expected_keys":3,"actual_keys":3,"deviations":2,"allowed_deviations":0}
{"time":"2026-08-24T00:29:10.742687267+08:00","level":"DEBUG","msg":"loaded active baselines for comparison","host_id":"23b96ed1-64c3-446d-8cb6-183e60d97cc9","hostname":"host-00043.example.com","os_type":"linux","os_major_version":8,"file_type":"group","baseline_entries":3}
{"time":"2026-08-24T00:29:10.743021872+08:00","level":"DEBUG","msg":"file comparison complete","host_id":"ada1aeee-de42-4ee6-b9bf-86a33067dce1","hostname":"host-00039.example.com","file_type":"group","expected_keys":3,"actual_keys":3,"deviations":0,"allowed_deviations":0}
{"time":"2026-08-24T00:29:10.743029447+08:00","level":"DEBUG","msg":"loaded active baselines for comparison","host_id":"f2abfecc-9c9d-469b-a526-3784709e2297","hostname":"host-00034.example.com","os_type":"linux","os_major_version":8,"file_type":"passwd","baseline_entries":3}
{"time":"2026-08-24T00:29:10.744024554+08:00","level":"DEBUG","msg":"file comparison complete","host_id":"23b96ed1-64c3-446d-8cb6-183e60d97cc9","hostname":"host-00043.example.com","file_type":"group","expected_keys":3,"actual_keys":3,"deviations":0,"allowed_deviations":0}
{"time":"2026-08-24T00:29:10.750906378+08:00","level":"DEBUG","msg":"file comparison complete","host_id":"573aae7a-bbdf-4d22-afed-7312621d813d","hostname":"host-00037.example.com","file_type":"passwd","expected_keys":3,"actual_keys":3,"deviations":2,"allowed_deviations":0}
{"time":"2026-08-24T00:29:10.751369927+08:00","level":"DEBUG","msg":"loaded active baselines for comparison","host_id":"7ca0836f-920c-47bb-8db3-d1229922fbf4","hostname":"host-00042.example.com","os_type":"linux","os_major_version":8,"file_type":"passwd","baseline_entries":3}
{"time":"2026-08-24T00:29:10.755185265+08:00","level":"DEBUG","msg":"file comparison complete","host_id":"3165173e-1e15-4939-8851-158bd2b9b78c","hostname":"host-00038.example.com","file_type":"passwd","expected_keys":3,"actual_keys":3,"deviations":2,"allowed_deviations":0}
{"time":"2026-08-24T00:29:10.756026741+08:00","level":"DEBUG","msg":"loaded active baselines for comparison","host_id":"573aae7a-bbdf-4d22-afed-7312621d813d","hostname":"host-00037.example.com","os_type":"linux","os_major_version":8,"file_type":"group","baseline_entries":3}
{"time":"2026-08-24T00:29:10.756995699+08:00","level":"DEBUG","msg":"loaded active baselines for comparison","host_id":"3165173e-1e15-4939-8851-158bd2b9b78c","hostname":"host-00038.example.com","os_type":"linux","os_major_version":8,"file_type":"group","baseline_entries":3}
{"time":"2026-08-24T00:29:10.759397866+08:00","level":"DEBUG","msg":"file comparison complete","host_id":"bad7221a-e7dd-4317-84ca-25ed6ae20fbc","hostname":"host-00044.example.com","file_type":"passwd","expected_keys":3,"actual_keys":3,"deviations":2,"allowed_deviations":0}
{"time":"2026-08-24T00:29:10.759707523+08:00","level":"DEBUG","msg":"file comparison complete","host_id":"573aae7a-bbdf-4d22-afed-7312621d813d","hostname":"host-00037.example.com","file_type":"group","expected_keys":3,"actual_keys":3,"deviations":0,"allowed_deviations":0}
{"time":"2026-08-24T00:29:10.759758279+08:00","level":"DEBUG","msg":"loaded active baselines for comparison","host_id":"8b88360f-7a4f-4d01-922e-7e590be06d0a","hostname":"host-00024.example.com","os_type":"linux","os_major_version":8,"file_type":"passwd","baseline_entries":3}
{"time":"2026-08-24T00:29:10.765164033+08:00","level":"DEBUG","msg":"loaded active baselines for comparison","host_id":"bad7221a-e7dd-4317-84ca-25ed6ae20fbc","hostname":"host-00044.example.com","os_type":"linux","os_major_version":8,"file_type":"group","baseline_entries":3}
{"time":"2026-08-24T00:29:10.76847811+08:00","level":"DEBUG","msg":"file comparison complete","host_id":"f2abfecc-9c9d-469b-a526-3784709e2297","hostname":"host-00034.example.com","file_type":"passwd","expected_keys":3,"actual_keys":3,"deviations":2,"allowed_deviations":0}
{"time":"2026-08-24T00:29:10.769170523+08:00","level":"DEBUG","msg":"loaded active baselines for comparison","host_id":"b53a54e0-41ca-444d-99a4-2bdc61565f93","hostname":"host-00017.example.com","os_type":"linux","os_major_version":8,"file_type":"passwd","baseline_entries":3}
{"time":"2026-08-24T00:29:10.769217322+08:00","level":"DEBUG","msg":"file comparison complete","host_id":"3165173e-1e15-4939-8851-158bd2b9b78c","hostname":"host-00038.example.com","file_type":"group","expected_keys":3,"actual_keys":3,"deviations":0,"allowed_deviations":0}
{"time":"2026-08-24T00:29:10.769568688+08:00","level":"DEBUG","msg":"loaded active baselines for comparison","host_id":"f2abfecc-9c9d-469b-a526-3784709e2297","hostname":"host-00034.example.com","os_type":"linux","os_major_version":8,"file_type":"group","baseline_entries":3}
{"time":"2026-08-24T00:29:10.769868347+08:00","level":"DEBUG","msg":"file comparison complete","host_id":"bad7221a-e7dd-4317-84ca-25ed6ae20fbc","hostname":"host-00044.example.com","file_type":"group","expected_keys":3,"actual_keys":3,"deviations":0,"allowed_deviations":0}
{"time":"2026-08-24T00:29:10.774468623+08:00","level":"DEBUG","msg":"loaded active baselines for comparison","host_id":"c5cd5fad-9dee-42db-882c-9b0bf930ab09","hostname":"host-00027.example.com","os_type":"linux","os_major_version":8,"file_type":"passwd","baseline_entries":3}
{"time":"2026-08-24T00:29:10.780842814+08:00","level":"DEBUG","msg":"file comparison complete","host_id":"f2abfecc-9c9d-469b-a526-3784709e2297","hostname":"host-00034.example.com","file_type":"group","expected_keys":3,"actual_keys":3,"deviations":0,"allowed_deviations":0}
{"time":"2026-08-24T00:29:10.784668511+08:00","level":"DEBUG","msg":"file comparison complete","host_id":"8b88360f-7a4f-4d01-922e-7e590be06d0a","hostname":"host-00024.example.com","file_type":"passwd","expected_keys":3,"actual_keys":3,"deviations":2,"allowed_deviations":0}
{"time":"2026-08-24T00:29:10.785261937+08:00","level":"DEBUG","msg":"loaded active baselines for comparison","host_id":"8b88360f-7a4f-4d01-922e-7e590be06d0a","hostname":"host-00024.example.com","os_type":"linux","os_major_version":8,"file_type":"group","baseline_entries":3}
{"time":"2026-08-24T00:29:10.789141586+08:00","level":"DEBUG","msg":"file comparison complete","host_id":"7ca0836f-920c-47bb-8db3-d1229922fbf4","hostname":"host-00042.example.com","file_type":"passwd","expected_keys":3,"actual_keys":3,"deviations":2,"allowed_deviations":0}
{"time":"2026-08-24T00:29:10.789517249+08:00","level":"DEBUG","msg":"loaded active baselines for comparison","host_id":"ce6ada5f-f69b-46dc-9068-3a30ae74fa22","hostname":"host-00033.example.com","os_type":"linux","os_major_version":8,"file_type":"passwd","baseline_entries":3}
{"time":"2026-08-24T00:29:10.790116215+08:00","level":"DEBUG","msg":"loaded active baselines for comparison","host_id":"7ca0836f-920c-47bb-8db3-d1229922fbf4","hostname":"host-00042.example.com","os_type":"linux","os_major_version":8,"file_type":"group","baseline_entries":3}
{"time":"2026-08-24T00:29:10.793598861+08:00","level":"DEBUG","msg":"file comparison complete","host_id":"7ca0836f-920c-47bb-8db3-d1229922fbf4","hostname":"host-00042.example.com","file_type":"group","expected_keys":3,"actual_keys":3,"deviations":0,"allowed_deviations":0}
{"time":"2026-08-24T00:29:10.793653965+08:00","level":"DEBUG","msg":"file comparison complete","host_id":"8b88360f-7a4f-4d01-922e-7e590be06d0a","hostname":"host-00024.example.com","file_type":"group","expected_keys":3,"actual_keys":3,"deviations":0,"allowed_deviations":0}
{"time":"2026-08-24T00:29:10.802172314+08:00","level":"DEBUG","msg":"file comparison complete","host_id":"b53a54e0-41ca-444d-99a4-2bdc61565f93","hostname":"host-00017.example.com","file_type":"passwd","expected_keys":3,"actual_keys":3,"deviations":2,"allowed_deviations":0}
{"time":"2026-08-24T00:29:10.802749008+08:00","level":"DEBUG","msg":"loaded active baselines for comparison","host_id":"1e0bfd10-7e23-4b85-806c-1952b5ac5afb","hostname":"host-00051.example.com","os_type":"linux","os_major_version":8,"file_type":"passwd","baseline_entries":3}
{"time":"2026-08-24T00:29:10.803143266+08:00","level":"DEBUG","msg":"loaded active baselines for comparison","host_id":"b53a54e0-41ca-444d-99a4-2bdc61565f93","hostname":"host-00017.example.com","os_type":"linux","os_major_version":8,"file_type":"group","baseline_entries":3}
{"time":"2026-08-24T00:29:10.811069912+08:00","level":"DEBUG","msg":"file comparison complete","host_id":"ce6ada5f-f69b-46dc-9068-3a30ae74fa22","hostname":"host-00033.example.com","file_type":"passwd","expected_keys":3,"actual_keys":3,"deviations":2,"allowed_deviations":0}
{"time":"2026-08-24T00:29:10.811061526+08:00","level":"DEBUG","msg":"file comparison complete","host_id":"c5cd5fad-9dee-42db-882c-9b0bf930ab09","hostname":"host-00027.example.com","file_type":"passwd","expected_keys":3,"actual_keys":3,"deviations":2,"allowed_deviations":0}
{"time":"2026-08-24T00:29:10.811577114+08:00","level":"DEBUG","msg":"loaded active baselines for comparison","host_id":"bbe2670f-0309-4571-afce-714829985bb1","hostname":"host-00030.example.com","os_type":"linux","os_major_version":8,"file_type":"passwd","baseline_entries":3}
{"time":"2026-08-24T00:29:10.811850743+08:00","level":"DEBUG","msg":"loaded active baselines for comparison","host_id":"c5cd5fad-9dee-42db-882c-9b0bf930ab09","hostname":"host-00027.example.com","os_type":"linux","os_major_version":8,"file_type":"group","baseline_entries":3}
{"time":"2026-08-24T00:29:10.812222017+08:00","level":"DEBUG","msg":"file comparison complete","host_id":"b53a54e0-41ca-444d-99a4-2bdc61565f93","hostname":"host-00017.example.com","file_type":"group","expected_keys":3,"actual_keys":3,"deviations":0,"allowed_deviations":0}
{"time":"2026-08-24T00:29:10.81237652+08:00","level":"DEBUG","msg":"loaded active baselines for comparison","host_id":"ce6ada5f-f69b-46dc-9068-3a30ae74fa22","hostname":"host-00033.example.com","os_type":"linux","os_major_version":8,"file_type":"group","baseline_entries":3}
{"time":"2026-08-24T00:29:10.812595165+08:00","level":"DEBUG","msg":"file comparison complete","host_id":"c5cd5fad-9dee-42db-882c-9b0bf930ab09","hostname":"host-00027.example.com","file_type":"group","expected_keys":3,"actual_keys":3,"deviations":0,"allowed_deviations":0}
{"time":"2026-08-24T00:29:10.815579335+08:00","level":"DEBUG","msg":"loaded active baselines for comparison","host_id":"42602b51-acad-43f1-8515-e0c8e49e46a1","hostname":"host-00052.example.com","os_type":"linux","os_major_version":8,"file_type":"passwd","baseline_entries":3}
{"time":"2026-08-24T00:29:10.815596959+08:00","level":"DEBUG","msg":"file comparison complete","host_id":"ce6ada5f-f69b-46dc-9068-3a30ae74fa22","hostname":"host-00033.example.com","file_type":"group","expected_keys":3,"actual_keys":3,"deviations":0,"allowed_deviations":0}
{"time":"2026-08-24T00:29:10.824488435+08:00","level":"DEBUG","msg":"loaded active baselines for comparison","host_id":"f44d69f0-290b-4b8e-a073-5cd880b6bae6","hostname":"host-00047.example.com","os_type":"linux","os_major_version":8,"file_type":"passwd","baseline_entries":3}
{"time":"2026-08-24T00:29:10.825103943+08:00","level":"DEBUG","msg":"loaded active baselines for comparison","host_id":"f1311944-f2b9-4d25-b47a-788f966edc9a","hostname":"host-00054.example.com","os_type":"linux","os_major_version":8,"file_type":"passwd","baseline_entries":3}
{"time":"2026-08-24T00:29:10.832220061+08:00","level":"DEBUG","msg":"file comparison complete","host_id":"bbe2670f-0309-4571-afce-714829985bb1","hostname":"host-00030.example.com","file_type":"passwd","expected_keys":3,"actual_keys":3,"deviations":2,"allowed_deviations":0}
{"time":"2026-08-24T00:29:10.832780885+08:00","level":"DEBUG","msg":"loaded active baselines for comparison","host_id":"bbe2670f-0309-4571-afce-714829985bb1","hostname":"host-00030.example.com","os_type":"linux","os_major_version":8,"file_type":"group","baseline_entries":3}
{"time":"2026-08-24T00:29:10.836409227+08:00","level":"DEBUG","msg":"file comparison complete","host_id":"1e0bfd10-7e23-4b85-806c-1952b5ac5afb","hostname":"host-00051.example.com","file_type":"passwd","expected_keys":3,"actual_keys":3,"deviations":2,"allowed_deviations":0}
{"time":"2026-08-24T00:29:10.836776584+08:00","level":"DEBUG","msg":"file comparison complete","host_id":"bbe2670f-0309-4571-afce-714829985bb1","hostname":"host-00030.example.com","file_type":"group","expected_keys":3,"actual_keys":3,"deviations":0,"allowed_deviations":0}
{"time":"2026-08-24T00:29:10.840669879+08:00","level":"DEBUG","msg":"file comparison complete","host_id":"42602b51-acad-43f1-8515-e0c8e49e46a1","hostname":"host-00052.example.com","file_type":"passwd","expected_keys":3,"actual_keys":3,"deviations":2,"allowed_deviations":0}
{"time":"2026-08-24T00:29:10.841032287+08:00","level":"DEBUG","msg":"loaded active baselines for comparison","host_id":"1e0bfd10-7e23-4b85-806c-1952b5ac5afb","hostname":"host-00051.example.com","os_type":"linux","os_major_version":8,"file_type":"group","baseline_entries":3}
{"time":"2026-08-24T00:29:10.841288102+08:00","level":"DEBUG","msg":"loaded active baselines for comparison","host_id":"42602b51-acad-43f1-8515-e0c8e49e46a1","hostname":"host-00052.example.com","os_type":"linux","os_major_version":8,"file_type":"group","baseline_entries":3}
{"time":"2026-08-24T00:29:10.841371069+08:00","level":"DEBUG","msg":"file comparison complete","host_id":"1e0bfd10-7e23-4b85-806c-1952b5ac5afb","hostname":"host-00051.example.com","file_type":"group","expected_keys":3,"actual_keys":3,"deviations":0,"allowed_deviations":0}
{"time":"2026-08-24T00:29:10.841653585+08:00","level":"DEBUG","msg":"loaded active baselines for comparison","host_id":"b283de04-aeb2-4348-9352-6687cff6ff16","hostname":"host-00050.example.com","os_type":"linux","os_major_version":8,"file_type":"passwd","baseline_entries":3}
{"time":"2026-08-24T00:29:10.844970507+08:00","level":"DEBUG","msg":"file comparison complete","host_id":"f44d69f0-290b-4b8e-a073-5cd880b6bae6","hostname":"host-00047.example.com","file_type":"passwd","expected_keys":3,"actual_keys":3,"deviations":2,"allowed_deviations":0}
{"time":"2026-08-24T00:29:10.84557305+08:00","level":"DEBUG","msg":"loaded active baselines for comparison","host_id":"f44d69f0-290b-4b8e-a073-5cd880b6bae6","hostname":"host-00047.example.com","os_type":"linux","os_major_version":8,"file_type":"group","baseline_entries":3}
{"time":"2026-08-24T00:29:10.845700552+08:00","level":"DEBUG","msg":"file comparison complete","host_id":"42602b51-acad-43f1-8515-e0c8e49e46a1","hostname":"host-00052.example.com","file_type":"group","expected_keys":3,"actual_keys":3,"deviations":0,"allowed_deviations":0}
{"time":"2026-08-24T00:29:10.845946519+08:00","level":"DEBUG","msg":"loaded active baselines for comparison","host_id":"3b8114f4-b315-4618-8663-4e7cea648db8","hostname":"host-00031.example.com","os_type":"linux","os_major_version":8,"file_type":"passwd","baseline_entries":3}
{"time":"2026-08-24T00:29:10.846070824+08:00","level":"DEBUG","msg":"file comparison complete","host_id":"f44d69f0-290b-4b8e-a073-5cd880b6bae6","hostname":"host-00047.example.com","file_type":"group","expected_keys":3,"actual_keys":3,"deviations":0,"allowed_deviations":0}
{"time":"2026-08-24T00:29:10.849272628+08:00","level":"DEBUG","msg":"file comparison complete","host_id":"f1311944-f2b9-4d25-b47a-788f966edc9a","hostname":"host-00054.example.com","file_type":"passwd","expected_keys":3,"actual_keys":3,"deviations":2,"allowed_deviations":0}
{"time":"2026-08-24T00:29:10.853899124+08:00","level":"DEBUG","msg":"loaded active baselines for comparison","host_id":"f1311944-f2b9-4d25-b47a-788f966edc9a","hostname":"host-00054.example.com","os_type":"linux","os_major_version":8,"file_type":"group","baseline_entries":3}
{"time":"2026-08-24T00:29:10.854298121+08:00","level":"DEBUG","msg":"file comparison complete","host_id":"f1311944-f2b9-4d25-b47a-788f966edc9a","hostname":"host-00054.example.com","file_type":"group","expected_keys":3,"actual_keys":3,"deviations":0,"allowed_deviations":0}
{"time":"2026-08-24T00:29:10.862374641+08:00","level":"DEBUG","msg":"loaded active baselines for comparison","host_id":"41f0f82a-ec1a-4fec-b20c-87d144e2f328","hostname":"host-00053.example.com","os_type":"linux","os_major_version":8,"file_type":"passwd","baseline_entries":3}
{"time":"2026-08-24T00:29:10.866299876+08:00","level":"DEBUG","msg":"file comparison complete","host_id":"b283de04-aeb2-4348-9352-6687cff6ff16","hostname":"host-00050.example.com","file_type":"passwd","expected_keys":3,"actual_keys":3,"deviations":2,"allowed_deviations":0}
{"time":"2026-08-24T00:29:10.866675118+08:00","level":"DEBUG","msg":"loaded active baselines for comparison","host_id":"490d9632-3915-4086-a98a-04d609f84d10","hostname":"host-00055.example.com","os_type":"linux","os_major_version":8,"file_type":"passwd","baseline_entries":3}
{"time":"2026-08-24T00:29:10.866981119+08:00","level":"DEBUG","msg":"loaded active baselines for comparison","host_id":"b283de04-aeb2-4348-9352-6687cff6ff16","hostname":"host-00050.example.com","os_type":"linux","os_major_version":8,"file_type":"group","baseline_entries":3}
{"time":"2026-08-24T00:29:10.871125791+08:00","level":"DEBUG","msg":"file comparison complete","host_id":"b283de04-aeb2-4348-9352-6687cff6ff16","hostname":"host-00050.example.com","file_type":"group","expected_keys":3,"actual_keys":3,"deviations":0,"allowed_deviations":0}
{"time":"2026-08-24T00:29:10.871153563+08:00","level":"DEBUG","msg":"loaded active baselines for comparison","host_id":"31972f07-b299-438d-8658-7d50325c4806","hostname":"host-00046.example.com","os_type":"linux","os_major_version":8,"file_type":"passwd","baseline_entries":3}
{"time":"2026-08-24T00:29:10.879058929+08:00","level":"DEBUG","msg":"file comparison complete","host_id":"3b8114f4-b315-4618-8663-4e7cea648db8","hostname":"host-00031.example.com","file_type":"passwd","expected_keys":3,"actual_keys":3,"deviations":2,"allowed_deviations":0}
{"time":"2026-08-24T00:29:10.879407119+08:00","level":"DEBUG","msg":"loaded active baselines for comparison","host_id":"2d5b5336-c1a1-4e5f-ad1c-e5475e40b888","hostname":"host-00035.example.com","os_type":"linux","os_major_version":8,"file_type":"passwd","baseline_entries":3}
{"time":"2026-08-24T00:29:10.883864505+08:00","level":"DEBUG","msg":"loaded active baselines for comparison","host_id":"2c28afb6-3ef6-4152-9f49-efb1caf4a99a","hostname":"host-00056.example.com","os_type":"linux","os_major_version":8,"file_type":"passwd","baseline_entries":3}
{"time":"2026-08-24T00:29:10.8876683+08:00","level":"DEBUG","msg":"file comparison complete","host_id":"490d9632-3915-4086-a98a-04d609f84d10","hostname":"host-00055.example.com","file_type":"passwd","expected_keys":3,"actual_keys":3,"deviations":2,"allowed_deviations":0}
{"time":"2026-08-24T00:29:10.888157929+08:00","level":"DEBUG","msg":"loaded active baselines for comparison","host_id":"3b8114f4-b315-4618-8663-4e7cea648db8","hostname":"host-00031.example.com","os_type":"linux","os_major_version":8,"file_type":"group","baseline_entries":3}
{"time":"2026-08-24T00:29:10.888993574+08:00","level":"DEBUG","msg":"loaded active baselines for comparison","host_id":"490d9632-3915-4086-a98a-04d609f84d10","hostname":"host-00055.example.com","os_type":"linux","os_major_version":8,"file_type":"group","baseline_entries":3}
{"time":"2026-08-24T00:29:10.892177884+08:00","level":"DEBUG","msg":"file comparison complete","host_id":"41f0f82a-ec1a-4fec-b20c-87d144e2f328","hostname":"host-00053.example.com","file_type":"passwd","expected_keys":3,"actual_keys":3,"deviations":2,"allowed_deviations":0}
{"time":"2026-08-24T00:29:10.896743465+08:00","level":"DEBUG","msg":"file comparison complete","host_id":"3b8114f4-b315-4618-8663-4e7cea648db8","hostname":"host-00031.example.com","file_type":"group","expected_keys":3,"actual_keys":3,"deviations":0,"allowed_deviations":0}
{"time":"2026-08-24T00:29:10.896803619+08:00","level":"DEBUG","msg":"loaded active baselines for comparison","host_id":"e4723c97-e0e7-45bd-853c-3751f134deb4","hostname":"host-00063.example.com","os_type":"linux","os_major_version":8,"file_type":"passwd","baseline_entries":3}
{"time":"2026-08-24T00:29:10.896826973+08:00","level":"DEBUG","msg":"loaded active baselines for comparison","host_id":"41f0f82a-ec1a-4fec-b20c-87d144e2f328","hostname":"host-00053.example.com","os_type":"linux","os_major_version":8,"file_type":"group","baseline_entries":3}
{"time":"2026-08-24T00:29:10.897029918+08:00","level":"DEBUG","msg":"file comparison complete","host_id":"490d9632-3915-4086-a98a-04d609f84d10","hostname":"host-00055.example.com","file_type":"group","expected_keys":3,"actual_keys":3,"deviations":0,"allowed_deviations":0}
{"time":"2026-08-24T00:29:10.89756866+08:00","level":"DEBUG","msg":"file comparison complete","host_id":"41f0f82a-ec1a-4fec-b20c-87d144e2f328","hostname":"host-00053.example.com","file_type":"group","expected_keys":3,"actual_keys":3,"deviations":0,"allowed_deviations":0}
{"time":"2026-08-24T00:29:10.905118541+08:00","level":"DEBUG","msg":"file comparison complete","host_id":"2d5b5336-c1a1-4e5f-ad1c-e5475e40b888","hostname":"host-00035.example.com","file_type":"passwd","expected_keys":3,"actual_keys":3,"deviations":2,"allowed_deviations":0}
{"time":"2026-08-24T00:29:10.905175008+08:00","level":"DEBUG","msg":"file comparison complete","host_id":"31972f07-b299-438d-8658-7d50325c4806","hostname":"host-00046.example.com","file_type":"passwd","expected_keys":3,"actual_keys":3,"deviations":2,"allowed_deviations":0}
{"time":"2026-08-24T00:29:10.91002578+08:00","level":"DEBUG","msg":"loaded active baselines for comparison","host_id":"31972f07-b299-438d-8658-7d50325c4806","hostname":"host-00046.example.com","os_type":"linux","os_major_version":8,"file_type":"group","baseline_entries":3}
{"time":"2026-08-24T00:29:10.913766095+08:00","level":"DEBUG","msg":"file comparison complete","host_id":"2c28afb6-3ef6-4152-9f49-efb1caf4a99a","hostname":"host-00056.example.com","file_type":"passwd","expected_keys":3,"actual_keys":3,"deviations":2,"allowed_deviations":0}
{"time":"2026-08-24T00:29:10.913790761+08:00","level":"DEBUG","msg":"file comparison complete","host_id":"e4723c97-e0e7-45bd-853c-3751f134deb4","hostname":"host-00063.example.com","file_type":"passwd","expected_keys":3,"actual_keys":3,"deviations":2,"allowed_deviations":0}
{"time":"2026-08-24T00:29:10.914047078+08:00","level":"DEBUG","msg":"loaded active baselines for comparison","host_id":"2d5b5336-c1a1-4e5f-ad1c-e5475e40b888","hostname":"host-00035.example.com","os_type":"linux","os_major_version":8,"file_type":"group","baseline_entries":3}
{"time":"2026-08-24T00:29:10.91428059+08:00","level":"DEBUG","msg":"loaded active baselines for comparison","host_id":"e4723c97-e0e7-45bd-853c-3751f134deb4","hostname":"host-00063.example.com","os_type":"linux","os_major_version":8,"file_type":"group","baseline_entries":3}
{"time":"2026-08-24T00:29:10.91436457+08:00","level":"DEBUG","msg":"loaded active baselines for comparison","host_id":"2c28afb6-3ef6-4152-9f49-efb1caf4a99a","hostname":"host-00056.example.com","os_type":"linux","os_major_version":8,"file_type":"group","baseline_entries":3}
{"time":"2026-08-24T00:29:10.914547647+08:00","level":"DEBUG","msg":"file comparison complete","host_id":"2d5b5336-c1a1-4e5f-ad1c-e5475e40b888","hostname":"host-00035.example.com","file_type":"group","expected_keys":3,"actual_keys":3,"deviations":0,"allowed_deviations":0}
{"time":"2026-08-24T00:29:10.91464392+08:00","level":"DEBUG","msg":"loaded active baselines for comparison","host_id":"873d2d74-21ef-4c66-8631-c08edca7f41f","hostname":"host-00045.example.com","os_type":"linux","os_major_version":8,"file_type":"passwd","baseline_entries":3}
{"time":"2026-08-24T00:29:10.914669308+08:00","level":"DEBUG","msg":"loaded active baselines for comparison","host_id":"cf9b363f-06f0-4c94-a386-bda251e45c1d","hostname":"host-00059.example.com","os_type":"linux","os_major_version":8,"file_type":"passwd","baseline_entries":3}
{"time":"2026-08-24T00:29:10.91478125+08:00","level":"DEBUG","msg":"file comparison complete","host_id":"2c28afb6-3ef6-4152-9f49-efb1caf4a99a","hostname":"host-00056.example.com","file_type":"group","expected_keys":3,"actual_keys":3,"deviations":0,"allowed_deviations":0}
{"time":"2026-08-24T00:29:10.915040662+08:00","level":"DEBUG","msg":"file comparison complete","host_id":"e4723c97-e0e7-45bd-853c-3751f134deb4","hostname":"host-00063.example.com","file_type":"group","expected_keys":3,"actual_keys":3,"deviations":0,"allowed_deviations":0}
{"time":"2026-08-24T00:29:10.915261461+08:00","level":"DEBUG","msg":"file comparison complete","host_id":"31972f07-b299-438d-8658-7d50325c4806","hostname":"host-00046.example.com","file_type":"group","expected_keys":3,"actual_keys":3,"deviations":0,"allowed_deviations":0}
{"time":"2026-08-24T00:29:10.915420002+08:00","level":"DEBUG","msg":"loaded active baselines for comparison","host_id":"350298da-0092-4c59-9853-2b2868c0afdf","hostname":"host-00061.example.com","os_type":"linux","os_major_version":8,"file_type":"passwd","baseline_entries":3}
{"time":"2026-08-24T00:29:10.940728279+08:00","level":"DEBUG","msg":"file comparison complete","host_id":"cf9b363f-06f0-4c94-a386-bda251e45c1d","hostname":"host-00059.example.com","file_type":"passwd","expected_keys":3,"actual_keys":3,"deviations":2,"allowed_deviations":0}
{"time":"2026-08-24T00:29:10.941364255+08:00","level":"DEBUG","msg":"loaded active baselines for comparison","host_id":"cf9b363f-06f0-4c94-a386-bda251e45c1d","hostname":"host-00059.example.com","os_type":"linux","os_major_version":8,"file_type":"group","baseline_entries":3}
{"time":"2026-08-24T00:29:10.942038965+08:00","level":"DEBUG","msg":"loaded active baselines for comparison","host_id":"898b439e-cec0-4365-8ab0-c2465e96e6f9","hostname":"host-00041.example.com","os_type":"linux","os_major_version":8,"file_type":"passwd","baseline_entries":3}
{"time":"2026-08-24T00:29:10.942262489+08:00","level":"DEBUG","msg":"file comparison complete","host_id":"cf9b363f-06f0-4c94-a386-bda251e45c1d","hostname":"host-00059.example.com","file_type":"group","expected_keys":3,"actual_keys":3,"deviations":0,"allowed_deviations":0}
{"time":"2026-08-24T00:29:10.94951695+08:00","level":"DEBUG","msg":"file comparison complete","host_id":"873d2d74-21ef-4c66-8631-c08edca7f41f","hostname":"host-00045.example.com","file_type":"passwd","expected_keys":3,"actual_keys":3,"deviations":2,"allowed_deviations":0}
{"time":"2026-08-24T00:29:10.949550734+08:00","level":"DEBUG","msg":"file comparison complete","host_id":"350298da-0092-4c59-9853-2b2868c0afdf","hostname":"host-00061.example.com","file_type":"passwd","expected_keys":3,"actual_keys":3,"deviations":2,"allowed_deviations":0}
{"time":"2026-08-24T00:29:10.950103132+08:00","level":"DEBUG","msg":"loaded active baselines for comparison","host_id":"873d2d74-21ef-4c66-8631-c08edca7f41f","hostname":"host-00045.example.com","os_type":"linux","os_major_version":8,"file_type":"group","baseline_entries":3}
{"time":"2026-08-24T00:29:10.95015472+08:00","level":"DEBUG","msg":"loaded active baselines for comparison","host_id":"3d44ed2d-4007-4b5e-b8a0-338fb7c2ba36","hostname":"host-00064.example.com","os_type":"linux","os_major_version":8,"file_type":"passwd","baseline_entries":3}
{"time":"2026-08-24T00:29:10.950617968+08:00","level":"DEBUG","msg":"loaded active baselines for comparison","host_id":"350298da-0092-4c59-9853-2b2868c0afdf","hostname":"host-00061.example.com","os_type":"linux","os_major_version":8,"file_type":"group","baseline_entries":3}
{"time":"2026-08-24T00:29:10.951223116+08:00","level":"DEBUG","msg":"loaded active baselines for comparison","host_id":"b393701e-47e3-4a84-b5aa-a6d53277147e","hostname":"host-00067.example.com","os_type":"linux","os_major_version":8,"file_type":"passwd","baseline_entries":3}
{"time":"2026-08-24T00:29:10.951466558+08:00","level":"DEBUG","msg":"file comparison complete","host_id":"873d2d74-21ef-4c66-8631-c08edca7f41f","hostname":"host-00045.example.com","file_type":"group","expected_keys":3,"actual_keys":3,"deviations":0,"allowed_deviations":0}
{"time":"2026-08-24T00:29:10.956317209+08:00","level":"DEBUG","msg":"file comparison complete","host_id":"350298da-0092-4c59-9853-2b2868c0afdf","hostname":"host-00061.example.com","file_type":"group","expected_keys":3,"actual_keys":3,"deviations":0,"allowed_deviations":0}
{"time":"2026-08-24T00:29:10.96418332+08:00","level":"DEBUG","msg":"loaded active baselines for comparison","host_id":"ad554756-9384-45bd-91b8-e8aa1f8ee399","hostname":"host-00049.example.com","os_type":"linux","os_major_version":8,"file_type":"passwd","baseline_entries":3}
{"time":"2026-08-24T00:29:10.969219563+08:00","level":"DEBUG","msg":"loaded active baselines for comparison","host_id":"377e4ac1-fd65-42db-820b-7eb1a4212416","hostname":"host-00066.example.com","os_type":"linux","os_major_version":8,"file_type":"passwd","baseline_entries":3}
{"time":"2026-08-24T00:29:10.972688614+08:00","level":"DEBUG","msg":"file comparison complete","host_id":"898b439e-cec0-4365-8ab0-c2465e96e6f9","hostname":"host-00041.example.com","file_type":"passwd","expected_keys":3,"actual_keys":3,"deviations":2,"allowed_deviations":0}
{"time":"2026-08-24T00:29:10.972689806+08:00","level":"DEBUG","msg":"file comparison complete","host_id":"3d44ed2d-4007-4b5e-b8a0-338fb7c2ba36","hostname":"host-00064.example.com","file_type":"passwd","expected_keys":3,"actual_keys":3,"deviations":2,"allowed_deviations":0}
{"time":"2026-08-24T00:29:10.973536623+08:00","level":"DEBUG","msg":"loaded active baselines for comparison","host_id":"662bd61c-aa3d-4086-9261-aed1b8c3ca59","hostname":"host-00071.example.com","os_type":"linux","os_major_version":8,"file_type":"passwd","baseline_entries":3}
{"time":"2026-08-24T00:29:10.973699381+08:00","level":"DEBUG","msg":"loaded active baselines for comparison","host_id":"898b439e-cec0-4365-8ab0-c2465e96e6f9","hostname":"host-00041.example.com","os_type":"linux","os_major_version":8,"file_type":"group","baseline_entries":3}
{"time":"2026-08-24T00:29:10.9737358+08:00","level":"DEBUG","msg":"loaded active baselines for comparison","host_id":"3d44ed2d-4007-4b5e-b8a0-338fb7c2ba36","hostname":"host-00064.example.com","os_type":"linux","os_major_version":8,"file_type":"group","baseline_entries":3}
{"time":"2026-08-24T00:29:10.97791095+08:00","level":"DEBUG","msg":"file comparison complete","host_id":"898b439e-cec0-4365-8ab0-c2465e96e6f9","hostname":"host-00041.example.com","file_type":"group","expected_keys":3,"actual_keys":3,"deviations":0,"allowed_deviations":0}
{"time":"2026-08-24T00:29:10.978106782+08:00","level":"DEBUG","msg":"file comparison complete","host_id":"3d44ed2d-4007-4b5e-b8a0-338fb7c2ba36","hostname":"host-00064.example.com","file_type":"group","expected_keys":3,"actual_keys":3,"deviations":0,"allowed_deviations":0}
{"time":"2026-08-24T00:29:10.981857957+08:00","level":"DEBUG","msg":"loaded active baselines for comparison","host_id":"85e80215-3722-4fc3-a83c-73b0a6cb3e8a","hostname":"host-00060.example.com","os_type":"linux","os_major_version":8,"file_type":"passwd","baseline_entries":3}
{"time":"2026-08-24T00:29:10.982419983+08:00","level":"DEBUG","msg":"loaded active baselines for comparison","host_id":"e7a1adcd-4b40-402f-b2a3-af35ee85490a","hostname":"host-00058.example.com","os_type":"linux","os_major_version":8,"file_type":"passwd","baseline_entries":3}
{"time":"2026-08-24T00:29:10.990771786+08:00","level":"DEBUG","msg":"file comparison complete","host_id":"ad554756-9384-45bd-91b8-e8aa1f8ee399","hostname":"host-00049.example.com","file_type":"passwd","expected_keys":3,"actual_keys":3,"deviations":2,"allowed_deviations":0}
{"time":"2026-08-24T00:29:10.991001812+08:00","level":"DEBUG","msg":"file comparison complete","host_id":"b393701e-47e3-4a84-b5aa-a6d53277147e","hostname":"host-00067.example.com","file_type":"passwd","expected_keys":3,"actual_keys":3,"deviations":2,"allowed_deviations":0}
{"time":"2026-08-24T00:29:10.991620445+08:00","level":"DEBUG","msg":"loaded active baselines for comparison","host_id":"ad554756-9384-45bd-91b8-e8aa1f8ee399","hostname":"host-00049.example.com","os_type":"linux","os_major_version":8,"file_type":"group","baseline_entries":3}
{"time":"2026-08-24T00:29:10.994608303+08:00","level":"DEBUG","msg":"file comparison complete","host_id":"377e4ac1-fd65-42db-820b-7eb1a4212416","hostname":"host-00066.example.com","file_type":"passwd","expected_keys":3,"actual_keys":3,"deviations":2,"allowed_deviations":0}
{"time":"2026-08-24T00:29:10.994754971+08:00","level":"DEBUG","msg":"file comparison complete","host_id":"ad554756-9384-45bd-91b8-e8aa1f8ee399","hostname":"host-00049.example.com","file_type":"group","expected_keys":3,"actual_keys":3,"deviations":0,"allowed_deviations":0}
{"time":"2026-08-24T00:29:10.995171071+08:00","level":"DEBUG","msg":"loaded active baselines for comparison","host_id":"b393701e-47e3-4a84-b5aa-a6d53277147e","hostname":"host-00067.example.com","os_type":"linux","os_major_version":8,"file_type":"group","baseline_entries":3}
{"time":"2026-08-24T00:29:10.999121364+08:00","level":"DEBUG","msg":"file comparison complete","host_id":"662bd61c-aa3d-4086-9261-aed1b8c3ca59","hostname":"host-00071.example.com","file_type":"passwd","expected_keys":3,"actual_keys":3,"deviations":2,"allowed_deviations":0}
{"time":"2026-08-24T00:29:10.999466268+08:00","level":"DEBUG","msg":"loaded active baselines for comparison","host_id":"377e4ac1-fd65-42db-820b-7eb1a4212416","hostname":"host-00066.example.com","os_type":"linux","os_major_version":8,"file_type":"group","baseline_entries":3}
{"time":"2026-08-24T00:29:10.999764674+08:00","level":"DEBUG","msg":"file comparison complete","host_id":"b393701e-47e3-4a84-b5aa-a6d53277147e","hostname":"host-00067.example.com","file_type":"group","expected_keys":3,"actual_keys":3,"deviations":0,"allowed_deviations":0}
{"time":"2026-08-24T00:29:11.00006809+08:00","level":"DEBUG","msg":"file comparison complete","host_id":"377e4ac1-fd65-42db-820b-7eb1a4212416","hostname":"host-00066.example.com","file_type":"group","expected_keys":3,"actual_keys":3,"deviations":0,"allowed_deviations":0}
{"time":"2026-08-24T00:29:11.004269269+08:00","level":"DEBUG","msg":"loaded active baselines for comparison","host_id":"662bd61c-aa3d-4086-9261-aed1b8c3ca59","hostname":"host-00071.example.com","os_type":"linux","os_major_version":8,"file_type":"group","baseline_entries":3}
{"time":"2026-08-24T00:29:11.007954559+08:00","level":"DEBUG","msg":"file comparison complete","host_id":"e7a1adcd-4b40-402f-b2a3-af35ee85490a","hostname":"host-00058.example.com","file_type":"passwd","expected_keys":3,"actual_keys":3,"deviations":2,"allowed_deviations":0}
{"time":"2026-08-24T00:29:11.008174236+08:00","level":"DEBUG","msg":"file comparison complete","host_id":"662bd61c-aa3d-4086-9261-aed1b8c3ca59","hostname":"host-00071.example.com","file_type":"group","expected_keys":3,"actual_keys":3,"deviations":0,"allowed_deviations":0}
{"time":"2026-08-24T00:29:11.008377762+08:00","level":"DEBUG","msg":"loaded active baselines for comparison","host_id":"97543bea-384d-4683-941e-0ccee0d17efc","hostname":"host-00072.example.com","os_type":"linux","os_major_version":8,"file_type":"passwd","baseline_entries":3}
{"time":"2026-08-24T00:29:11.008442305+08:00","level":"DEBUG","msg":"loaded active baselines for comparison","host_id":"3f58c48e-9a48-4496-bda8-4a1f21ab7e7e","hostname":"host-00057.example.com","os_type":"linux","os_major_version":8,"file_type":"passwd","baseline_entries":3}
{"time":"2026-08-24T00:29:11.008656291+08:00","level":"DEBUG","msg":"loaded active baselines for comparison","host_id":"e7a1adcd-4b40-402f-b2a3-af35ee85490a","hostname":"host-00058.example.com","os_type":"linux","os_major_version":8,"file_type":"group","baseline_entries":3}
{"time":"2026-08-24T00:29:11.01226734+08:00","level":"DEBUG","msg":"file comparison complete","host_id":"85e80215-3722-4fc3-a83c-73b0a6cb3e8a","hostname":"host-00060.example.com","file_type":"passwd","expected_keys":3,"actual_keys":3,"deviations":2,"allowed_deviations":0}
{"time":"2026-08-24T00:29:11.016766515+08:00","level":"DEBUG","msg":"file comparison complete","host_id":"e7a1adcd-4b40-402f-b2a3-af35ee85490a","hostname":"host-00058.example.com","file_type":"group","expected_keys":3,"actual_keys":3,"deviations":0,"allowed_deviations":0}
{"time":"2026-08-24T00:29:11.017293063+08:00","level":"DEBUG","msg":"loaded active baselines for comparison","host_id":"85e80215-3722-4fc3-a83c-73b0a6cb3e8a","hostname":"host-00060.example.com","os_type":"linux","os_major_version":8,"file_type":"group","baseline_entries":3}
{"time":"2026-08-24T00:29:11.017596569+08:00","level":"DEBUG","msg":"loaded active baselines for comparison","host_id":"ea1b3e6d-9a9c-4ba5-9d08-12c03601539a","hostname":"host-00048.example.com","os_type":"linux","os_major_version":8,"file_type":"passwd","baseline_entries":3}
{"time":"2026-08-24T00:29:11.017725464+08:00","level":"DEBUG","msg":"loaded active baselines for comparison","host_id":"83b49be1-e153-44fa-bcc5-196539c9052a","hostname":"host-00040.example.com","os_type":"linux","os_major_version":8,"file_type":"passwd","baseline_entries":3}
{"time":"2026-08-24T00:29:11.029266566+08:00","level":"DEBUG","msg":"file comparison complete","host_id":"97543bea-384d-4683-941e-0ccee0d17efc","hostname":"host-00072.example.com","file_type":"passwd","expected_keys":3,"actual_keys":3,"deviations":2,"allowed_deviations":0}
{"time":"2026-08-24T00:29:11.029583848+08:00","level":"DEBUG","msg":"file comparison complete","host_id":"85e80215-3722-4fc3-a83c-73b0a6cb3e8a","hostname":"host-00060.example.com","file_type":"group","expected_keys":3,"actual_keys":3,"deviations":0,"allowed_deviations":0}
{"time":"2026-08-24T00:29:11.045639273+08:00","level":"DEBUG","msg":"file comparison complete","host_id":"3f58c48e-9a48-4496-bda8-4a1f21ab7e7e","hostname":"host-00057.example.com","file_type":"passwd","expected_keys":3,"actual_keys":3,"deviations":2,"allowed_deviations":0}
{"time":"2026-08-24T00:29:11.054091025+08:00","level":"DEBUG","msg":"loaded active baselines for comparison","host_id":"3f58c48e-9a48-4496-bda8-4a1f21ab7e7e","hostname":"host-00057.example.com","os_type":"linux","os_major_version":8,"file_type":"group","baseline_entries":3}
{"time":"2026-08-24T00:29:11.054756858+08:00","level":"DEBUG","msg":"loaded active baselines for comparison","host_id":"8a45667f-29c1-4482-85ff-82a24517bc79","hostname":"host-00075.example.com","os_type":"linux","os_major_version":8,"file_type":"passwd","baseline_entries":3}
{"time":"2026-08-24T00:29:11.055301832+08:00","level":"DEBUG","msg":"file comparison complete","host_id":"3f58c48e-9a48-4496-bda8-4a1f21ab7e7e","hostname":"host-00057.example.com","file_type":"group","expected_keys":3,"actual_keys":3,"deviations":0,"allowed_deviations":0}
{"time":"2026-08-24T00:29:11.069522296+08:00","level":"DEBUG","msg":"file comparison complete","host_id":"ea1b3e6d-9a9c-4ba5-9d08-12c03601539a","hostname":"host-00048.example.com","file_type":"passwd","expected_keys":3,"actual_keys":3,"deviations":2,"allowed_deviations":0}
{"time":"2026-08-24T00:29:11.069558275+08:00","level":"DEBUG","msg":"file comparison complete","host_id":"83b49be1-e153-44fa-bcc5-196539c9052a","hostname":"host-00040.example.com","file_type":"passwd","expected_keys":3,"actual_keys":3,"deviations":2,"allowed_deviations":0}
{"time":"2026-08-24T00:29:11.069858875+08:00","level":"DEBUG","msg":"loaded active baselines for comparison","host_id":"97543bea-384d-4683-941e-0ccee0d17efc","hostname":"host-00072.example.com","os_type":"linux","os_major_version":8,"file_type":"group","baseline_entries":3}
{"time":"2026-08-24T00:29:11.070170646+08:00","level":"DEBUG","msg":"loaded active baselines for comparison","host_id":"83b49be1-e153-44fa-bcc5-196539c9052a","hostname":"host-00040.example.com","os_type":"linux","os_major_version":8,"file_type":"group","baseline_entries":3}
{"time":"2026-08-24T00:29:11.070229668+08:00","level":"DEBUG","msg":"file comparison complete","host_id":"97543bea-384d-4683-941e-0ccee0d17efc","hostname":"host-00072.example.com","file_type":"group","expected_keys":3,"actual_keys":3,"deviations":0,"allowed_deviations":0}
{"time":"2026-08-24T00:29:11.070445868+08:00","level":"DEBUG","msg":"loaded active baselines for comparison","host_id":"ea1b3e6d-9a9c-4ba5-9d08-12c03601539a","hostname":"host-00048.example.com","os_type":"linux","os_major_version":8,"file_type":"group","baseline_entries":3}
{"time":"2026-08-24T00:29:11.070876625+08:00","level":"DEBUG","msg":"file comparison complete","host_id":"ea1b3e6d-9a9c-4ba5-9d08-12c03601539a","hostname":"host-00048.example.com","file_type":"group","expected_keys":3,"actual_keys":3,"deviations":0,"allowed_deviations":0}
{"time":"2026-08-24T00:29:11.075712899+08:00","level":"DEBUG","msg":"file comparison complete","host_id":"83b49be1-e153-44fa-bcc5-196539c9052a","hostname":"host-00040.example.com","file_type":"group","expected_keys":3,"actual_keys":3,"deviations":0,"allowed_deviations":0}
{"time":"2026-08-24T00:29:11.076130852+08:00","level":"DEBUG","msg":"loaded active baselines for comparison","host_id":"e9c03bcb-db5b-4777-811f-db223decd9a7","hostname":"host-00065.example.com","os_type":"linux","os_major_version":8,"file_type":"passwd","baseline_entries":3}
{"time":"2026-08-24T00:29:11.077106182+08:00","level":"DEBUG","msg":"loaded active baselines for comparison","host_id":"13441139-8def-4fba-9652-1226055bde15","hostname":"host-00077.example.com","os_type":"linux","os_major_version":8,"file_type":"passwd","baseline_entries":3}
{"time":"2026-08-24T00:29:11.084573517+08:00","level":"DEBUG","msg":"file comparison complete","host_id":"8a45667f-29c1-4482-85ff-82a24517bc79","hostname":"host-00075.example.com","file_type":"passwd","expected_keys":3,"actual_keys":3,"deviations":2,"allowed_deviations":0}
{"time":"2026-08-24T00:29:11.085071592+08:00","level":"DEBUG","msg":"loaded active baselines for comparison","host_id":"086a23e7-f7c0-4a17-907e-e4478b04eebb","hostname":"host-00073.example.com","os_type":"linux","os_major_version":8,"file_type":"passwd","baseline_entries":3}
{"time":"2026-08-24T00:29:11.085512117+08:00","level":"DEBUG","msg":"loaded active baselines for comparison","host_id":"8a45667f-29c1-4482-85ff-82a24517bc79","hostname":"host-00075.example.com","os_type":"linux","os_major_version":8,"file_type":"group","baseline_entries":3}
{"time":"2026-08-24T00:29:11.089212527+08:00","level":"DEBUG","msg":"file comparison complete","host_id":"8a45667f-29c1-4482-85ff-82a24517bc79","hostname":"host-00075.example.com","file_type":"group","expected_keys":3,"actual_keys":3,"deviations":0,"allowed_deviations":0}
{"time":"2026-08-24T00:29:11.093260796+08:00","level":"DEBUG","msg":"file comparison complete","host_id":"e9c03bcb-db5b-4777-811f-db223decd9a7","hostname":"host-00065.example.com","file_type":"passwd","expected_keys":3,"actual_keys":3,"deviations":2,"allowed_deviations":0}
{"time":"2026-08-24T00:29:11.093665263+08:00","level":"DEBUG","msg":"loaded active baselines for comparison","host_id":"a2720b37-f496-4201-8939-66d3b987b808","hostname":"host-00074.example.com","os_type":"linux","os_major_version":8,"file_type":"passwd","baseline_entries":3}
{"time":"2026-08-24T00:29:11.098240311+08:00","level":"DEBUG","msg":"loaded active baselines for comparison","host_id":"e9c03bcb-db5b-4777-811f-db223decd9a7","hostname":"host-00065.example.com","os_type":"linux","os_major_version":8,"file_type":"group","baseline_entries":3}
{"time":"2026-08-24T00:29:11.102246911+08:00","level":"DEBUG","msg":"file comparison complete","host_id":"13441139-8def-4fba-9652-1226055bde15","hostname":"host-00077.example.com","file_type":"passwd","expected_keys":3,"actual_keys":3,"deviations":2,"allowed_deviations":0}
{"time":"2026-08-24T00:29:11.1026944+08:00","level":"DEBUG","msg":"file comparison complete","host_id":"e9c03bcb-db5b-4777-811f-db223decd9a7","hostname":"host-00065.example.com","file_type":"group","expected_keys":3,"actual_keys":3,"deviations":0,"allowed_deviations":0}
{"time":"2026-08-24T00:29:11.102884962+08:00","level":"DEBUG","msg":"loaded active baselines for comparison","host_id":"8326a980-6733-4242-b549-0776005ffa1f","hostname":"host-00068.example.com","os_type":"linux","os_major_version":8,"file_type":"passwd","baseline_entries":3}
{"time":"2026-08-24T00:29:11.102934185+08:00","level":"DEBUG","msg":"loaded active baselines for comparison","host_id":"13441139-8def-4fba-9652-1226055bde15","hostname":"host-00077.example.com","os_type":"linux","os_major_version":8,"file_type":"group","baseline_entries":3}
{"time":"2026-08-24T00:29:11.103312943+08:00","level":"DEBUG","msg":"file comparison complete","host_id":"13441139-8def-4fba-9652-1226055bde15","hostname":"host-00077.example.com","file_type":"group","expected_keys":3,"actual_keys":3,"deviations":0,"allowed_deviations":0}
{"time":"2026-08-24T00:29:11.106579129+08:00","level":"DEBUG","msg":"file comparison complete","host_id":"086a23e7-f7c0-4a17-907e-e4478b04eebb","hostname":"host-00073.example.com","file_type":"passwd","expected_keys":3,"actual_keys":3,"deviations":2,"allowed_deviations":0}
{"time":"2026-08-24T00:29:11.106778697+08:00","level":"DEBUG","msg":"loaded active baselines for comparison","host_id":"9a639cd7-480f-4114-bd14-48d884361053","hostname":"host-00082.example.com","os_type":"linux","os_major_version":8,"file_type":"passwd","baseline_entries":3}
{"time":"2026-08-24T00:29:11.107074969+08:00","level":"DEBUG","msg":"loaded active baselines for comparison","host_id":"f249ccf6-3313-47d5-b6b4-7c5ff06ab4cc","hostname":"host-00078.example.com","os_type":"linux","os_major_version":8,"file_type":"passwd","baseline_entries":3}
{"time":"2026-08-24T00:29:11.1071702+08:00","level":"DEBUG","msg":"loaded active baselines for comparison","host_id":"086a23e7-f7c0-4a17-907e-e4478b04eebb","hostname":"host-00073.example.com","os_type":"linux","os_major_version":8,"file_type":"group","baseline_entries":3}
{"time":"2026-08-24T00:29:11.107364208+08:00","level":"DEBUG","msg":"file comparison complete","host_id":"086a23e7-f7c0-4a17-907e-e4478b04eebb","hostname":"host-00073.example.com","file_type":"group","expected_keys":3,"actual_keys":3,"deviations":0,"allowed_deviations":0}
{"time":"2026-08-24T00:29:11.110939841+08:00","level":"DEBUG","msg":"file comparison complete","host_id":"a2720b37-f496-4201-8939-66d3b987b808","hostname":"host-00074.example.com","file_type":"passwd","expected_keys":3,"actual_keys":3,"deviations":2,"allowed_deviations":0}
{"time":"2026-08-24T00:29:11.115591645+08:00","level":"DEBUG","msg":"loaded active baselines for comparison","host_id":"a2720b37-f496-4201-8939-66d3b987b808","hostname":"host-00074.example.com","os_type":"linux","os_major_version":8,"file_type":"group","baseline_entries":3}
{"time":"2026-08-24T00:29:11.120229152+08:00","level":"DEBUG","msg":"file comparison complete","host_id":"a2720b37-f496-4201-8939-66d3b987b808","hostname":"host-00074.example.com","file_type":"group","expected_keys":3,"actual_keys":3,"deviations":0,"allowed_deviations":0}
{"time":"2026-08-24T00:29:11.124295946+08:00","level":"DEBUG","msg":"loaded active baselines for comparison","host_id":"6ca9fcfc-d390-4a7a-9c6d-0a00f7aeb5a2","hostname":"host-00080.example.com","os_type":"linux","os_major_version":8,"file_type":"passwd","baseline_entries":3}
{"time":"2026-08-24T00:29:11.128358923+08:00","level":"DEBUG","msg":"file comparison complete","host_id":"8326a980-6733-4242-b549-0776005ffa1f","hostname":"host-00068.example.com","file_type":"passwd","expected_keys":3,"actual_keys":3,"deviations":2,"allowed_deviations":0}
{"time":"2026-08-24T00:29:11.129002313+08:00","level":"DEBUG","msg":"loaded active baselines for comparison","host_id":"835b30bc-0a16-4c4e-9324-ec1b40e41c26","hostname":"host-00069.example.com","os_type":"linux","os_major_version":8,"file_type":"passwd","baseline_entries":3}
{"time":"2026-08-24T00:29:11.132774228+08:00","level":"DEBUG","msg":"file comparison complete","host_id":"9a639cd7-480f-4114-bd14-48d884361053","hostname":"host-00082.example.com","file_type":"passwd","expected_keys":3,"actual_keys":3,"deviations":2,"allowed_deviations":0}
{"time":"2026-08-24T00:29:11.133131315+08:00","level":"DEBUG","msg":"loaded active baselines for comparison","host_id":"8326a980-6733-4242-b549-0776005ffa1f","hostname":"host-00068.example.com","os_type":"linux","os_major_version":8,"file_type":"group","baseline_entries":3}
{"time":"2026-08-24T00:29:11.133463125+08:00","level":"DEBUG","msg":"loaded active baselines for comparison","host_id":"9a639cd7-480f-4114-bd14-48d884361053","hostname":"host-00082.example.com","os_type":"linux","os_major_version":8,"file_type":"group","baseline_entries":3}
{"time":"2026-08-24T00:29:11.134083542+08:00","level":"DEBUG","msg":"file comparison complete","host_id":"8326a980-6733-4242-b549-0776005ffa1f","hostname":"host-00068.example.com","file_type":"group","expected_keys":3,"actual_keys":3,"deviations":0,"allowed_deviations":0}
{"time":"2026-08-24T00:29:11.134381717+08:00","level":"DEBUG","msg":"file comparison complete","host_id":"9a639cd7-480f-4114-bd14-48d884361053","hostname":"host-00082.example.com","file_type":"group","expected_keys":3,"actual_keys":3,"deviations":0,"allowed_deviations":0}
{"time":"2026-08-24T00:29:11.137381658+08:00","level":"DEBUG","msg":"loaded active baselines for comparison","host_id":"afed643b-3d0d-4f8b-821a-9da65385b704","hostname":"host-00088.example.com","os_type":"linux","os_major_version":8,"file_type":"passwd","baseline_entries":3}
{"time":"2026-08-24T00:29:11.141760955+08:00","level":"DEBUG","msg":"file comparison complete","host_id":"f249ccf6-3313-47d5-b6b4-7c5ff06ab4cc","hostname":"host-00078.example.com","file_type":"passwd","expected_keys":3,"actual_keys":3,"deviations":2,"allowed_deviations":0}
{"time":"2026-08-24T00:29:11.142177144+08:00","level":"DEBUG","msg":"loaded active baselines for comparison","host_id":"aab047b1-cb25-412b-975c-cc3faee174d2","hostname":"host-00079.example.com","os_type":"linux","os_major_version":8,"file_type":"passwd","baseline_entries":3}
{"time":"2026-08-24T00:29:11.142568136+08:00","level":"DEBUG","msg":"loaded active baselines for comparison","host_id":"f249ccf6-3313-47d5-b6b4-7c5ff06ab4cc","hostname":"host-00078.example.com","os_type":"linux","os_major_version":8,"file_type":"group","baseline_entries":3}
{"time":"2026-08-24T00:29:11.150478481+08:00","level":"DEBUG","msg":"file comparison complete","host_id":"6ca9fcfc-d390-4a7a-9c6d-0a00f7aeb5a2","hostname":"host-00080.example.com","file_type":"passwd","expected_keys":3,"actual_keys":3,"deviations":2,"allowed_deviations":0}
{"time":"2026-08-24T00:29:11.150499801+08:00","level":"DEBUG","msg":"file comparison complete","host_id":"835b30bc-0a16-4c4e-9324-ec1b40e41c26","hostname":"host-00069.example.com","file_type":"passwd","expected_keys":3,"actual_keys":3,"deviations":2,"allowed_deviations":0}
{"time":"2026-08-24T00:29:11.150858672+08:00","level":"DEBUG","msg":"file comparison complete","host_id":"f249ccf6-3313-47d5-b6b4-7c5ff06ab4cc","hostname":"host-00078.example.com","file_type":"group","expected_keys":3,"actual_keys":3,"deviations":0,"allowed_deviations":0}
{"time":"2026-08-24T00:29:11.151312072+08:00","level":"DEBUG","msg":"loaded active baselines for comparison","host_id":"6ca9fcfc-d390-4a7a-9c6d-0a00f7aeb5a2","hostname":"host-00080.example.com","os_type":"linux","os_major_version":8,"file_type":"group","baseline_entries":3}
{"time":"2026-08-24T00:29:11.151491683+08:00","level":"DEBUG","msg":"loaded active baselines for comparison","host_id":"b6b466ed-6ffc-4197-8108-1e4954d4f308","hostname":"host-00076.example.com","os_type":"linux","os_major_version":8,"file_type":"passwd","baseline_entries":3}
{"time":"2026-08-24T00:29:11.151759621+08:00","level":"DEBUG","msg":"file comparison complete","host_id":"6ca9fcfc-d390-4a7a-9c6d-0a00f7aeb5a2","hostname":"host-00080.example.com","file_type":"group","expected_keys":3,"actual_keys":3,"deviations":0,"allowed_deviations":0}
{"time":"2026-08-24T00:29:11.155290108+08:00","level":"DEBUG","msg":"loaded active baselines for comparison","host_id":"0e2b0ec4-b918-4fca-8308-a51b474f13e2","hostname":"host-00089.example.com","os_type":"linux","os_major_version":8,"file_type":"passwd","baseline_entries":3}
{"time":"2026-08-24T00:29:11.155543168+08:00","level":"DEBUG","msg":"loaded active baselines for comparison","host_id":"835b30bc-0a16-4c4e-9324-ec1b40e41c26","hostname":"host-00069.example.com","os_type":"linux","os_major_version":8,"file_type":"group","baseline_entries":3}
{"time":"2026-08-24T00:29:11.156061882+08:00","level":"DEBUG","msg":"file comparison complete","host_id":"835b30bc-0a16-4c4e-9324-ec1b40e41c26","hostname":"host-00069.example.com","file_type":"group","expected_keys":3,"actual_keys":3,"deviations":0,"allowed_deviations":0}
{"time":"2026-08-24T00:29:11.168081141+08:00","level":"DEBUG","msg":"file comparison complete","host_id":"aab047b1-cb25-412b-975c-cc3faee174d2","hostname":"host-00079.example.com","file_type":"passwd","expected_keys":3,"actual_keys":3,"deviations":2,"allowed_deviations":0}
{"time":"2026-08-24T00:29:11.168116639+08:00","level":"DEBUG","msg":"file comparison complete","host_id":"afed643b-3d0d-4f8b-821a-9da65385b704","hostname":"host-00088.example.com","file_type":"passwd","expected_keys":3,"actual_keys":3,"deviations":2,"allowed_deviations":0}
{"time":"2026-08-24T00:29:11.168490608+08:00","level":"DEBUG","msg":"loaded active baselines for comparison","host_id":"cb61a54b-ad8a-412d-a04d-0b65c711b4d9","hostname":"host-00070.example.com","os_type":"linux","os_major_version":8,"file_type":"passwd","baseline_entries":3}
{"time":"2026-08-24T00:29:11.168658016+08:00","level":"DEBUG","msg":"loaded active baselines for comparison","host_id":"aab047b1-cb25-412b-975c-cc3faee174d2","hostname":"host-00079.example.com","os_type":"linux","os_major_version":8,"file_type":"group","baseline_entries":3}
{"time":"2026-08-24T00:29:11.16879728+08:00","level":"DEBUG","msg":"loaded active baselines for comparison","host_id":"afed643b-3d0d-4f8b-821a-9da65385b704","hostname":"host-00088.example.com","os_type":"linux","os_major_version":8,"file_type":"group","baseline_entries":3}
{"time":"2026-08-24T00:29:11.169050159+08:00","level":"DEBUG","msg":"file comparison complete","host_id":"aab047b1-cb25-412b-975c-cc3faee174d2","hostname":"host-00079.example.com","file_type":"group","expected_keys":3,"actual_keys":3,"deviations":0,"allowed_deviations":0}
{"time":"2026-08-24T00:29:11.1692141+08:00","level":"DEBUG","msg":"file comparison complete","host_id":"afed643b-3d0d-4f8b-821a-9da65385b704","hostname":"host-00088.example.com","file_type":"group","expected_keys":3,"actual_keys":3,"deviations":0,"allowed_deviations":0}
{"time":"2026-08-24T00:29:11.172543095+08:00","level":"DEBUG","msg":"file comparison complete","host_id":"0e2b0ec4-b918-4fca-8308-a51b474f13e2","hostname":"host-00089.example.com","file_type":"passwd","expected_keys":3,"actual_keys":3,"deviations":2,"allowed_deviations":0}
{"time":"2026-08-24T00:29:11.172890715+08:00","level":"DEBUG","msg":"loaded active baselines for comparison","host_id":"188b3684-5390-4747-a52b-612cfffdaccb","hostname":"host-00086.example.com","os_type":"linux","os_major_version":8,"file_type":"passwd","baseline_entries":3}
{"time":"2026-08-24T00:29:11.173411943+08:00","level":"DEBUG","msg":"loaded active baselines for comparison","host_id":"0e2b0ec4-b918-4fca-8308-a51b474f13e2","hostname":"host-00089.example.com","os_type":"linux","os_major_version":8,"file_type":"group","baseline_entries":3}
{"time":"2026-08-24T00:29:11.173880121+08:00","level":"DEBUG","msg":"file comparison complete","host_id":"0e2b0ec4-b918-4fca-8308-a51b474f13e2","hostname":"host-00089.example.com","file_type":"group","expected_keys":3,"actual_keys":3,"deviations":0,"allowed_deviations":0}
{"time":"2026-08-24T00:29:11.174207923+08:00","level":"DEBUG","msg":"loaded active baselines for comparison","host_id":"cd235c5a-12dc-4a34-8e13-ffb8ed9fbdcb","hostname":"host-00093.example.com","os_type":"linux","os_major_version":8,"file_type":"passwd","baseline_entries":3}
{"time":"2026-08-24T00:29:11.176776746+08:00","level":"DEBUG","msg":"file comparison complete","host_id":"b6b466ed-6ffc-4197-8108-1e4954d4f308","hostname":"host-00076.example.com","file_type":"passwd","expected_keys":3,"actual_keys":3,"deviations":2,"allowed_deviations":0}
{"time":"2026-08-24T00:29:11.177159692+08:00","level":"DEBUG","msg":"loaded active baselines for comparison","host_id":"b6b466ed-6ffc-4197-8108-1e4954d4f308","hostname":"host-00076.example.com","os_type":"linux","os_major_version":8,"file_type":"group","baseline_entries":3}
{"time":"2026-08-24T00:29:11.177316169+08:00","level":"DEBUG","msg":"file comparison complete","host_id":"b6b466ed-6ffc-4197-8108-1e4954d4f308","hostname":"host-00076.example.com","file_type":"group","expected_keys":3,"actual_keys":3,"deviations":0,"allowed_deviations":0}
{"time":"2026-08-24T00:29:11.178030334+08:00","level":"DEBUG","msg":"loaded active baselines for comparison","host_id":"3b339e46-e45e-4f9f-9846-712ba566bfc7","hostname":"host-00083.example.com","os_type":"linux","os_major_version":8,"file_type":"passwd","baseline_entries":3}
{"time":"2026-08-24T00:29:11.185890373+08:00","level":"DEBUG","msg":"file comparison complete","host_id":"cb61a54b-ad8a-412d-a04d-0b65c711b4d9","hostname":"host-00070.example.com","file_type":"passwd","expected_keys":3,"actual_keys":3,"deviations":2,"allowed_deviations":0}
{"time":"2026-08-24T00:46:48.352794297+08:00","level":"INFO","msg":"Configuration loaded successfully"}
{"time":"2026-08-24T00:46:48.627932262+08:00","level":"INFO","msg":"DB initialized successfully"}
{"time":"2026-08-24T00:46:48.628766725+08:00","level":"INFO","msg":"starting ulas-service","addr":":8080","stage":"DEV"}
{"time":"2026-08-25T11:48:15.802653437+08:00","level":"INFO","msg":"Configuration loaded successfully"}
{"time":"2026-08-25T11:48:16.060978101+08:00","level":"INFO","msg":"DB initialized successfully"}
{"time":"2026-08-25T11:48:16.061822022+08:00","level":"INFO","msg":"starting ulas-service","addr":":8080","stage":"DEV"}
{"time":"2026-08-25T11:55:16.067629409+08:00","level":"INFO","msg":"triggering scheduled scan","schedule_id":"3b8d7607-fc67-48ee-9855-0e39dd310bf7","name":"RHEL8","frequency":"daily","limit":"*"}
{"time":"2026-08-25T11:55:16.068347763+08:00","level":"INFO","msg":"scheduled scan skipped because another scan is already running","schedule_id":"3b8d7607-fc67-48ee-9855-0e39dd310bf7","name":"RHEL8"}
{"time":"2026-08-25T11:56:16.063242887+08:00","level":"INFO","msg":"triggering scheduled scan","schedule_id":"3b8d7607-fc67-48ee-9855-0e39dd310bf7","name":"RHEL8","frequency":"daily","limit":"*"}
{"time":"2026-08-25T11:56:16.063801647+08:00","level":"INFO","msg":"scheduled scan skipped because another scan is already running","schedule_id":"3b8d7607-fc67-48ee-9855-0e39dd310bf7","name":"RHEL8"}
{"time":"2026-08-25T11:58:05.946602525+08:00","level":"INFO","msg":"Configuration loaded successfully"}
{"time":"2026-08-25T11:58:06.072489264+08:00","level":"INFO","msg":"DB initialized successfully"}
{"time":"2026-08-25T11:58:06.073728055+08:00","level":"INFO","msg":"starting ulas-service","addr":":8080","stage":"DEV"}
{"time":"2026-08-25T12:02:11.442921673+08:00","level":"INFO","msg":"starting ulas-service","addr":":8080","stage":"DEV"}
{"time":"2026-08-25T12:03:11.445250445+08:00","level":"INFO","msg":"triggering scheduled scan","schedule_id":"5ff47fd8-7fd8-42df-ba85-64049e064426","name":"test","frequency":"daily","limit":"*"}
{"time":"2026-08-25T12:03:12.529095768+08:00","level":"ERROR","msg":"failed to trigger scheduled scan","schedule_id":"5ff47fd8-7fd8-42df-ba85-64049e064426","name":"test","error":"resolve template \"ulas\": unexpected status 503: <html error page>"}
{"time":"2026-08-25T12:04:11.444966699+08:00","level":"INFO","msg":"triggering scheduled scan","schedule_id":"5ff47fd8-7fd8-42df-ba85-64049e064426","name":"test","frequency":"daily","limit":"*"}
{"time":"2026-08-25T12:04:12.656224519+08:00","level":"ERROR","msg":"failed to trigger scheduled scan","schedule_id":"5ff47fd8-7fd8-42df-ba85-64049e064426","name":"test","error":"resolve template \"ulas\": unexpected status 503: <html error page>"}
{"time":"2026-08-25T12:05:11.44487098+08:00","level":"INFO","msg":"triggering scheduled scan","schedule_id":"5ff47fd8-7fd8-42df-ba85-64049e064426","name":"test","frequency":"daily","limit":"*"}
{"time":"2026-08-25T12:05:12.953394303+08:00","level":"ERROR","msg":"failed to trigger scheduled scan","schedule_id":"5ff47fd8-7fd8-42df-ba85-64049e064426","name":"test","error":"resolve template \"ulas\": unexpected status 503: <html error page>"}
{"time":"2026-08-25T12:06:11.443675906+08:00","level":"INFO","msg":"triggering scheduled scan","schedule_id":"5ff47fd8-7fd8-42df-ba85-64049e064426","name":"test","frequency":"daily","limit":"*"}
{"time":"2026-08-25T12:06:12.323367261+08:00","level":"ERROR","msg":"failed to trigger scheduled scan","schedule_id":"5ff47fd8-7fd8-42df-ba85-64049e064426","name":"test","error":"resolve template \"ulas\": unexpected status 503: <html error page>"}
{"time":"2026-08-25T12:12:50.979781828+08:00","level":"INFO","msg":"Configuration loaded successfully"}
{"time":"2026-08-25T12:12:51.192037856+08:00","level":"INFO","msg":"DB initialized successfully"}
{"time":"2026-08-25T12:12:51.201127168+08:00","level":"INFO","msg":"starting ulas-service","addr":":8080","stage":"DEV"}
{"time":"2026-08-25T12:14:51.202374017+08:00","level":"INFO","msg":"triggering scheduled scan","schedule_id":"dc6e2861-6168-4c9c-b48a-710d8b2e8c2e","name":"RHEL8","frequency":"daily","limit":"*"}
{"time":"2026-08-25T12:14:53.244423137+08:00","level":"ERROR","msg":"scheduled scan failed","schedule_id":"dc6e2861-6168-4c9c-b48a-710d8b2e8c2e","name":"RHEL8","error":"resolve template \"ulas\": unexpected status 503: no healthy upstream"}
{"time":"2026-08-25T12:40:07.021496564+08:00","level":"INFO","msg":"Configuration loaded successfully"}
{"time":"2026-08-25T12:40:07.307381379+08:00","level":"INFO","msg":"DB initialized successfully"}
{"time":"2026-08-25T12:40:07.308244044+08:00","level":"INFO","msg":"starting ulas-service","addr":":8080","stage":"DEV"}
{"time":"2026-08-25T12:41:07.332703662+08:00","level":"INFO","msg":"triggering scheduled scan","schedule_id":"d77df46c-e527-4952-af20-0ed68ae0f024","name":"rhel8","frequency":"daily","limit":"*"}
{"time":"2026-09-01T17:44:08.26205679+08:00","level":"INFO","msg":"Configuration loaded successfully"}
{"time":"2026-09-01T17:44:08.264228278+08:00","level":"ERROR","msg":"failed to initialize database","error":"failed to connect to database: failed to connect to `user=ulas database=1`:\n\t[::1]:5432 (localhost): dial error: dial tcp [::1]:5432: connect: connection refused\n\t127.0.0.1:5432 (localhost): dial error: dial tcp 127.0.0.1:5432: connect: connection refused"}
{"time":"2026-09-01T17:44:21.701132834+08:00","level":"INFO","msg":"Configuration loaded successfully"}
{"time":"2026-09-01T17:44:21.706941069+08:00","level":"ERROR","msg":"failed to initialize database","error":"failed to connect to database: failed to connect to `user=ulas database=1`: [::1]:5432 (localhost): failed SASL auth: FATAL: password authentication failed for user \"ulas\" (SQLSTATE 28P01)"}
{"time":"2026-09-01T17:44:27.823703062+08:00","level":"INFO","msg":"Configuration loaded successfully"}
{"time":"2026-09-01T17:44:27.827973781+08:00","level":"ERROR","msg":"failed to initialize database","error":"failed to connect to database: failed to connect to `user=ulas database=1`: [::1]:5432 (localhost): failed SASL auth: FATAL: password authentication failed for user \"ulas\" (SQLSTATE 28P01)"}
{"time":"2026-09-01T17:44:47.12434293+08:00","level":"INFO","msg":"Configuration loaded successfully"}
{"time":"2026-09-01T17:44:47.422191815+08:00","level":"INFO","msg":"DB initialized successfully"}
{"time":"2026-09-01T17:44:47.42265343+08:00","level":"ERROR","msg":"failed to create token maker","error":"invalid key size: must be at least 32 characters"}
{"time":"2026-09-01T17:45:07.665410906+08:00","level":"INFO","msg":"Configuration loaded successfully"}
{"time":"2026-09-01T17:45:07.922422764+08:00","level":"INFO","msg":"DB initialized successfully"}
{"time":"2026-09-01T17:45:07.934588416+08:00","level":"INFO","msg":"starting ulas-service","addr":":1","stage":"DEV"}
{"time":"2026-09-01T17:45:07.935103643+08:00","level":"ERROR","msg":"server error","error":"listen tcp :1: bind: permission denied"}
{"time":"2026-09-01T17:47:26.808996162+08:00","level":"INFO","msg":"Configuration loaded successfully"}
{"time":"2026-09-01T17:47:27.081269463+08:00","level":"INFO","msg":"DB initialized successfully"}
{"time":"2026-09-01T17:47:27.091905684+08:00","level":"INFO","msg":"starting ulas-service","addr":":1","stage":"DEV"}
{"time":"2026-09-01T17:47:27.092388339+08:00","level":"ERROR","msg":"server error","error":"listen tcp :1: bind: permission denied"}
{"time":"2026-09-01T17:47:56.566745509+08:00","level":"INFO","msg":"Configuration loaded successfully"}
{"time":"2026-09-01T17:47:56.768449797+08:00","level":"INFO","msg":"DB initialized successfully"}
{"time":"2026-09-01T17:47:56.769355274+08:00","level":"INFO","msg":"starting ulas-service","addr":":8080","stage":"DEV"}
{"time":"2026-09-01T17:48:56.804012439+08:00","level":"INFO","msg":"triggering scheduled scan","schedule_id":"d77df46c-e527-4952-af20-0ed68ae0f024","name":"rhel8","frequency":"daily","limit":"*"}
{"time":"2026-09-01T17:49:17.229181374+08:00","level":"INFO","msg":"Configuration loaded successfully"}
{"time":"2026-09-01T17:49:17.506964354+08:00","level":"INFO","msg":"DB initialized successfully"}
{"time":"2026-09-01T17:49:17.508055564+08:00","level":"INFO","msg":"starting ulas-service","addr":":8080","stage":"DEV"}
